encoder,rung,age,n,latent_minus_symbolic,ci_low,ci_high,source_main,source_baseline
DINOv2,jpeg_q75_28,0,90,1.011475227069497,0.590348337797493,1.4910443179294104,q1q3_all90.json,e21_floor_dinov2.json
DINOv2,jpeg_q75_28,1,90,1.0269393180441928,0.5892768780880837,1.508068196692914,q1q3_all90.json,e21_floor_dinov2.json
DINOv2,jpeg_q75_28,2,90,1.0332318205298845,0.6067161641734561,1.4627976288155307,q1q3_all90.json,e21_floor_dinov2.json
DINOv2,jpeg_q75_28,3,90,1.0398384067418975,0.6581553862115183,1.5252898560471384,q1q3_all90.json,e21_floor_dinov2.json
DINOv2,jpeg_q75_28,5,90,0.960810066649469,0.5426942778154497,1.4213451665803174,q1q3_all90.json,e21_floor_dinov2.json
DINOv2,jpeg_q75_28,8,90,0.9126481002437961,0.48661287992578695,1.4099252145546164,q1q3_all90.json,e21_floor_dinov2.json
DINOv2,jpeg_q75_28,12,90,0.8588115465776018,0.42803092992531294,1.357516816467406,q1q3_all90.json,e21_floor_dinov2.json
DINOv2,jpeg_q75_28,20,90,0.6918798986881494,0.26214776749889696,1.1445603927706889,q1q3_all90.json,e21_floor_dinov2.json
DINOv2,jpeg_q75_28,30,88,0.644044241960267,0.2309212773919319,1.0614373718485928,q1q3_all90.json,e21_floor_dinov2.json
DINOv2,jpeg_q75_28,40,81,0.6294899595596459,0.2771872447350576,1.050011692220796,q1q3_all90.json,e21_floor_dinov2.json
DINOv2,jpeg_q50_56,0,90,1.3585391543578211,0.9711935982183526,1.8413030821160468,q1q3_all90.json,e21_floor_dinov2.json
DINOv2,jpeg_q50_56,1,90,1.358593323145631,0.9765770412386133,1.8596130932299757,q1q3_all90.json,e21_floor_dinov2.json
DINOv2,jpeg_q50_56,2,90,1.3525841098097835,0.9768747274000459,1.8433154271782746,q1q3_all90.json,e21_floor_dinov2.json
DINOv2,jpeg_q50_56,3,90,1.3398290422130499,0.952280927222142,1.8217208664430626,q1q3_all90.json,e21_floor_dinov2.json
DINOv2,jpeg_q50_56,5,90,1.2361011190977607,0.843385894081932,1.7334740948696186,q1q3_all90.json,e21_floor_dinov2.json
DINOv2,jpeg_q50_56,8,90,1.1322999345328018,0.7139161877875929,1.6376511168548553,q1q3_all90.json,e21_floor_dinov2.json
DINOv2,jpeg_q50_56,12,90,1.0187557609712814,0.6114478154232644,1.5319696452812313,q1q3_all90.json,e21_floor_dinov2.json
DINOv2,jpeg_q50_56,20,90,0.8025837770212483,0.37594554248339157,1.335839805090369,q1q3_all90.json,e21_floor_dinov2.json
DINOv2,jpeg_q50_56,30,88,0.8129619852507555,0.41159520350133194,1.2644603043776612,q1q3_all90.json,e21_floor_dinov2.json
DINOv2,jpeg_q50_56,40,81,0.7543104236752205,0.3885712259048834,1.222437449191328,q1q3_all90.json,e21_floor_dinov2.json
DINOv2,jpeg_q75_56,0,90,1.533223106968773,1.141693497715849,2.0006170719724183,q1q3_all90.json,e21_floor_dinov2.json
DINOv2,jpeg_q75_56,1,90,1.5315101572452603,1.1561400996467668,2.0190159856433194,q1q3_all90.json,e21_floor_dinov2.json
DINOv2,jpeg_q75_56,2,90,1.513208679516212,1.1556845410532377,1.9853545745945933,q1q3_all90.json,e21_floor_dinov2.json
DINOv2,jpeg_q75_56,3,90,1.4897282561084668,1.1127896723044939,1.96752689063631,q1q3_all90.json,e21_floor_dinov2.json
DINOv2,jpeg_q75_56,5,90,1.3663548293241654,0.955013772141345,1.8821961385363444,q1q3_all90.json,e21_floor_dinov2.json
DINOv2,jpeg_q75_56,8,90,1.264656933364638,0.8662170718437253,1.7931433229828335,q1q3_all90.json,e21_floor_dinov2.json
DINOv2,jpeg_q75_56,12,90,1.1562220129790726,0.7440242982791034,1.6765468670950803,q1q3_all90.json,e21_floor_dinov2.json
DINOv2,jpeg_q75_56,20,90,0.9308831794546328,0.516689141556862,1.4625305768199883,q1q3_all90.json,e21_floor_dinov2.json
DINOv2,jpeg_q75_56,30,88,0.9148876853916832,0.527276528490004,1.4000454369540432,q1q3_all90.json,e21_floor_dinov2.json
DINOv2,jpeg_q75_56,40,81,0.8860913379752027,0.5172110754423338,1.3604039034743582,q1q3_all90.json,e21_floor_dinov2.json
DINOv2,jpeg_q50_112,0,90,1.9013051926966722,1.541513073631948,2.4025210166547795,q1q3_all90.json,e21_floor_dinov2.json
DINOv2,jpeg_q50_112,1,90,1.8875819688770012,1.5095586127618033,2.4060216255169253,q1q3_all90.json,e21_floor_dinov2.json
DINOv2,jpeg_q50_112,2,90,1.862142191473069,1.4846785339824926,2.365589771616645,q1q3_all90.json,e21_floor_dinov2.json
DINOv2,jpeg_q50_112,3,90,1.8501586409331159,1.485630082169475,2.359656616504535,q1q3_all90.json,e21_floor_dinov2.json
DINOv2,jpeg_q50_112,5,90,1.73895257677303,1.3718730031081623,2.24494434061893,q1q3_all90.json,e21_floor_dinov2.json
DINOv2,jpeg_q50_112,8,90,1.60093166618961,1.1988356400689488,2.113692896915056,q1q3_all90.json,e21_floor_dinov2.json
DINOv2,jpeg_q50_112,12,90,1.470262886220927,1.0695165997505434,1.992154066696688,q1q3_all90.json,e21_floor_dinov2.json
DINOv2,jpeg_q50_112,20,90,1.1946179242605464,0.7895973809673438,1.7260825455764743,q1q3_all90.json,e21_floor_dinov2.json
DINOv2,jpeg_q50_112,30,88,1.030927825404862,0.6596112195128307,1.5188121928279121,q1q3_all90.json,e21_floor_dinov2.json
DINOv2,jpeg_q50_112,40,81,1.015520055082653,0.6359998835492885,1.5245229413907915,q1q3_all90.json,e21_floor_dinov2.json
DINOv2,jpeg_q75_112,0,90,1.9423132528447966,1.5709823186842453,2.4439113064195355,q1q3_all90.json,e21_floor_dinov2.json
DINOv2,jpeg_q75_112,1,90,1.9459958888161335,1.5744833472718869,2.423799062770997,q1q3_all90.json,e21_floor_dinov2.json
DINOv2,jpeg_q75_112,2,90,1.928826225116508,1.5723275159070018,2.432470754015941,q1q3_all90.json,e21_floor_dinov2.json
DINOv2,jpeg_q75_112,3,90,1.9205844136413386,1.5355609997824748,2.4499910517797994,q1q3_all90.json,e21_floor_dinov2.json
DINOv2,jpeg_q75_112,5,90,1.7872431956021262,1.4186647502846637,2.301770854242695,q1q3_all90.json,e21_floor_dinov2.json
DINOv2,jpeg_q75_112,8,90,1.660302875292742,1.27301360087227,2.1809496510849766,q1q3_all90.json,e21_floor_dinov2.json
DINOv2,jpeg_q75_112,12,90,1.5440383417723709,1.1702109490293269,2.075155656803973,q1q3_all90.json,e21_floor_dinov2.json
DINOv2,jpeg_q75_112,20,90,1.2644218738148643,0.8710882151748504,1.8219598775052037,q1q3_all90.json,e21_floor_dinov2.json
DINOv2,jpeg_q75_112,30,88,1.034440192232318,0.6735315888330297,1.5301921433390782,q1q3_all90.json,e21_floor_dinov2.json
DINOv2,jpeg_q75_112,40,81,1.0121681740832962,0.632197387994125,1.5144295945225703,q1q3_all90.json,e21_floor_dinov2.json
DINOv2,jpeg_q25_224,0,90,1.639113605289747,1.3185385803859726,2.076807535844741,q1q3_all90.json,e21_floor_dinov2.json
DINOv2,jpeg_q25_224,1,90,1.6650848338673407,1.3415591571705243,2.1213210305613264,q1q3_all90.json,e21_floor_dinov2.json
DINOv2,jpeg_q25_224,2,90,1.698880420275908,1.3739130900179624,2.1357071073793423,q1q3_all90.json,e21_floor_dinov2.json
DINOv2,jpeg_q25_224,3,90,1.709761810958908,1.3635596385276054,2.1441316296096744,q1q3_all90.json,e21_floor_dinov2.json
DINOv2,jpeg_q25_224,5,90,1.614772053952653,1.2702829972876635,2.0948682738035904,q1q3_all90.json,e21_floor_dinov2.json
DINOv2,jpeg_q25_224,8,90,1.5255561927762913,1.1576340320637724,1.9971598629747902,q1q3_all90.json,e21_floor_dinov2.json
DINOv2,jpeg_q25_224,12,90,1.417540347267481,1.0456881281393087,1.9241310286045084,q1q3_all90.json,e21_floor_dinov2.json
DINOv2,jpeg_q25_224,20,90,1.171605173433738,0.7994537638985476,1.6892016802628371,q1q3_all90.json,e21_floor_dinov2.json
DINOv2,jpeg_q25_224,30,88,0.9549631347359571,0.6069953094744488,1.4317036050153567,q1q3_all90.json,e21_floor_dinov2.json
DINOv2,jpeg_q25_224,40,81,0.9132164194545063,0.5382770418654887,1.40995262114886,q1q3_all90.json,e21_floor_dinov2.json
DINOv2,jpeg_q50_224,0,90,0.6184766184721814,0.38312670286234124,0.8862031769773157,q1q3_all90.json,e21_floor_dinov2.json
DINOv2,jpeg_q50_224,1,90,0.7548328499654366,0.5120893020121718,1.0450810066997032,q1q3_all90.json,e21_floor_dinov2.json
DINOv2,jpeg_q50_224,2,90,0.8941679307617068,0.6471113072946292,1.1746286725112203,q1q3_all90.json,e21_floor_dinov2.json
DINOv2,jpeg_q50_224,3,90,1.0136632736089697,0.7615102732062858,1.3181054129200636,q1q3_all90.json,e21_floor_dinov2.json
DINOv2,jpeg_q50_224,5,90,1.0770508728770194,0.8195068399918245,1.3744292917892373,q1q3_all90.json,e21_floor_dinov2.json
DINOv2,jpeg_q50_224,8,90,1.1210458344017336,0.8449141755015993,1.45822134552091,q1q3_all90.json,e21_floor_dinov2.json
DINOv2,jpeg_q50_224,12,90,1.1197115014324384,0.836980564982599,1.5072877745376034,q1q3_all90.json,e21_floor_dinov2.json
DINOv2,jpeg_q50_224,20,90,0.9703226179371125,0.6297423513875802,1.416556718295022,q1q3_all90.json,e21_floor_dinov2.json
DINOv2,jpeg_q50_224,30,88,0.7858996349071066,0.46882576712835666,1.202927311942396,q1q3_all90.json,e21_floor_dinov2.json
DINOv2,jpeg_q50_224,40,81,0.7746998613101745,0.3830436513248612,1.2022472752794229,q1q3_all90.json,e21_floor_dinov2.json
DINOv2,jpeg_q75_224,0,90,-0.16060051695081112,-0.3297260273792366,-0.028997217504908735,q1q3_all90.json,e21_floor_dinov2.json
DINOv2,jpeg_q75_224,1,90,-0.03124877079844035,-0.20236327592610465,0.11717672118445162,q1q3_all90.json,e21_floor_dinov2.json
DINOv2,jpeg_q75_224,2,90,0.1354785173373808,-0.05478495266905363,0.29164121490593137,q1q3_all90.json,e21_floor_dinov2.json
DINOv2,jpeg_q75_224,3,90,0.26818455111419726,0.06899477624019625,0.4390062945410751,q1q3_all90.json,e21_floor_dinov2.json
DINOv2,jpeg_q75_224,5,90,0.4235794115873295,0.21647704110155694,0.6122103701098608,q1q3_all90.json,e21_floor_dinov2.json
DINOv2,jpeg_q75_224,8,90,0.5776078757746422,0.3554178964702941,0.776411876092976,q1q3_all90.json,e21_floor_dinov2.json
DINOv2,jpeg_q75_224,12,90,0.6414534296813406,0.3970228420957312,0.8791543064130029,q1q3_all90.json,e21_floor_dinov2.json
DINOv2,jpeg_q75_224,20,90,0.6338661802591385,0.3474655697369297,0.9416326914067474,q1q3_all90.json,e21_floor_dinov2.json
DINOv2,jpeg_q75_224,30,88,0.522322116667044,0.23732310005356355,0.8285572407023706,q1q3_all90.json,e21_floor_dinov2.json
DINOv2,jpeg_q75_224,40,81,0.5329615164890664,0.221779172714292,0.8819011688604157,q1q3_all90.json,e21_floor_dinov2.json
DINOv2,jpeg_q10_518,0,90,1.5204512912350938,1.2247632084592408,1.9070566355147198,q1q3_all90.json,e21_floor_dinov2.json
DINOv2,jpeg_q10_518,1,90,1.5996477237922,1.2906370403894842,1.9816324685992517,q1q3_all90.json,e21_floor_dinov2.json
DINOv2,jpeg_q10_518,2,90,1.650311290793649,1.3496451277899555,2.0336566931087625,q1q3_all90.json,e21_floor_dinov2.json
DINOv2,jpeg_q10_518,3,90,1.6849057366167342,1.3531897134587056,2.1185546088437484,q1q3_all90.json,e21_floor_dinov2.json
DINOv2,jpeg_q10_518,5,90,1.6185031357420943,1.2731218540320806,2.0522253446041256,q1q3_all90.json,e21_floor_dinov2.json
DINOv2,jpeg_q10_518,8,90,1.5137228698197727,1.1609801198601035,1.9848131638669781,q1q3_all90.json,e21_floor_dinov2.json
DINOv2,jpeg_q10_518,12,90,1.414478844818021,1.0696989639059056,1.910716254556946,q1q3_all90.json,e21_floor_dinov2.json
DINOv2,jpeg_q10_518,20,90,1.1419525438821267,0.7467134136579184,1.632475366850405,q1q3_all90.json,e21_floor_dinov2.json
DINOv2,jpeg_q10_518,30,88,0.9953613154250263,0.6317254192721707,1.4531388897509503,q1q3_all90.json,e21_floor_dinov2.json
DINOv2,jpeg_q10_518,40,81,0.9680857027730247,0.6081871881476918,1.4361276527343192,q1q3_all90.json,e21_floor_dinov2.json
DINOv2,jpeg_q25_518,0,90,-0.22987792702496967,-0.35339189528791504,-0.12114316556874033,q1q3_all90.json,e21_floor_dinov2.json
DINOv2,jpeg_q25_518,1,90,-0.1551156028538117,-0.28805909082975584,-0.036369854053090546,q1q3_all90.json,e21_floor_dinov2.json
DINOv2,jpeg_q25_518,2,90,-0.0807170910080775,-0.22156704121810222,0.044717635143590326,q1q3_all90.json,e21_floor_dinov2.json
DINOv2,jpeg_q25_518,3,90,0.017546330668716248,-0.12576944846913193,0.15199741624834076,q1q3_all90.json,e21_floor_dinov2.json
DINOv2,jpeg_q25_518,5,90,0.15340745180575965,-0.0066552856846442575,0.2948584813605097,q1q3_all90.json,e21_floor_dinov2.json
DINOv2,jpeg_q25_518,8,90,0.31727540161411405,0.14965198570820068,0.45856432076125037,q1q3_all90.json,e21_floor_dinov2.json
DINOv2,jpeg_q25_518,12,90,0.43019204621484664,0.2678646158217273,0.5916377669925036,q1q3_all90.json,e21_floor_dinov2.json
DINOv2,jpeg_q25_518,20,90,0.38384903755111477,0.17075213722930938,0.6006817713474707,q1q3_all90.json,e21_floor_dinov2.json
DINOv2,jpeg_q25_518,30,88,0.3119488227471039,0.08174563544091994,0.550507346012647,q1q3_all90.json,e21_floor_dinov2.json
DINOv2,jpeg_q25_518,40,81,0.3602034844622586,0.10411850844866746,0.6462546356359903,q1q3_all90.json,e21_floor_dinov2.json
DINOv2,jpeg_q50_518,0,90,-0.22960808033202695,-0.28797882944630626,-0.1727001085877953,q1q3_all90.json,e21_floor_dinov2.json
DINOv2,jpeg_q50_518,1,90,-0.24210298554789317,-0.32038320447659496,-0.17101842766726214,q1q3_all90.json,e21_floor_dinov2.json
DINOv2,jpeg_q50_518,2,90,-0.19364713450269985,-0.29097872962775423,-0.10151125366312268,q1q3_all90.json,e21_floor_dinov2.json
DINOv2,jpeg_q50_518,3,90,-0.1365443729262033,-0.24461762965807585,-0.03364908643620018,q1q3_all90.json,e21_floor_dinov2.json
DINOv2,jpeg_q50_518,5,90,-0.05584218040793554,-0.18595060166953178,0.05524242633891963,q1q3_all90.json,e21_floor_dinov2.json
DINOv2,jpeg_q50_518,8,90,0.07181931728727076,-0.05451476323141955,0.18962758499407756,q1q3_all90.json,e21_floor_dinov2.json
DINOv2,jpeg_q50_518,12,90,0.18342100092141134,0.06105161604265866,0.29807826106683144,q1q3_all90.json,e21_floor_dinov2.json
DINOv2,jpeg_q50_518,20,90,0.16029926337820388,0.0061350087391427565,0.30781622040424017,q1q3_all90.json,e21_floor_dinov2.json
DINOv2,jpeg_q50_518,30,88,0.14828638936594696,-0.03588170721995234,0.3357095419606577,q1q3_all90.json,e21_floor_dinov2.json
DINOv2,jpeg_q50_518,40,81,0.25725626162972204,-0.005191064136042065,0.5097048565604814,q1q3_all90.json,e21_floor_dinov2.json
DINOv2,jpeg_q75_518,0,90,-0.15009662779989627,-0.192915285798668,-0.11392399054170214,q1q3_all90.json,e21_floor_dinov2.json
DINOv2,jpeg_q75_518,1,90,-0.21973429412341572,-0.28963395667581787,-0.15325830336338536,q1q3_all90.json,e21_floor_dinov2.json
DINOv2,jpeg_q75_518,2,90,-0.2062531040983207,-0.2849806175446345,-0.12649423841859847,q1q3_all90.json,e21_floor_dinov2.json
DINOv2,jpeg_q75_518,3,90,-0.1510336386768897,-0.25480578203921744,-0.05689159399851437,q1q3_all90.json,e21_floor_dinov2.json
DINOv2,jpeg_q75_518,5,90,-0.12014228850039566,-0.24287898227859253,-0.004885658866012592,q1q3_all90.json,e21_floor_dinov2.json
DINOv2,jpeg_q75_518,8,90,0.0020636414779343637,-0.11732732494182774,0.10617628057917898,q1q3_all90.json,e21_floor_dinov2.json
DINOv2,jpeg_q75_518,12,90,0.10472136042908675,-0.004453695576782017,0.20503857119732494,q1q3_all90.json,e21_floor_dinov2.json
DINOv2,jpeg_q75_518,20,90,0.0873536323453159,-0.047322270486979436,0.21360792790887073,q1q3_all90.json,e21_floor_dinov2.json
DINOv2,jpeg_q75_518,30,88,0.061838180312405955,-0.1098043201704912,0.23034496110754119,q1q3_all90.json,e21_floor_dinov2.json
DINOv2,jpeg_q75_518,40,81,0.20963738490744732,-0.04554418530087664,0.4675355311044663,q1q3_all90.json,e21_floor_dinov2.json
DINOv2,jpeg_q95_518,0,90,-0.0418530900889627,-0.057340443734589054,-0.027943513497650087,q1q3_all90.json,e21_floor_dinov2.json
DINOv2,jpeg_q95_518,1,90,-0.19485555546979652,-0.26046038687963347,-0.13852158656604047,q1q3_all90.json,e21_floor_dinov2.json
DINOv2,jpeg_q95_518,2,90,-0.1813068904420147,-0.2539499779852075,-0.10205351455869481,q1q3_all90.json,e21_floor_dinov2.json
DINOv2,jpeg_q95_518,3,90,-0.1634473787452369,-0.26261072884775033,-0.0678684536239971,q1q3_all90.json,e21_floor_dinov2.json
DINOv2,jpeg_q95_518,5,90,-0.13803940196706344,-0.2672576536781391,-0.02592453181488052,q1q3_all90.json,e21_floor_dinov2.json
DINOv2,jpeg_q95_518,8,90,-0.048721777256849785,-0.16662424678960164,0.05427473764501754,q1q3_all90.json,e21_floor_dinov2.json
DINOv2,jpeg_q95_518,12,90,0.04868081418613546,-0.06280523863510822,0.14861095058211266,q1q3_all90.json,e21_floor_dinov2.json
DINOv2,jpeg_q95_518,20,90,0.07953365755328212,-0.044019225201636175,0.19403722944913268,q1q3_all90.json,e21_floor_dinov2.json
DINOv2,jpeg_q95_518,30,88,0.03313661021631886,-0.12578646582014277,0.1861876798957764,q1q3_all90.json,e21_floor_dinov2.json
DINOv2,jpeg_q95_518,40,81,0.13824605044374283,-0.07464450520665497,0.3576562362417744,q1q3_all90.json,e21_floor_dinov2.json
CLIP,jpeg_q75_28,0,90,2.704596365128709,2.0228903893180945,3.7634669662607845,e21_clip.json,e21_floor_clip.json
CLIP,jpeg_q75_28,1,90,2.7812173269315217,2.0043236282706314,3.8351521382909155,e21_clip.json,e21_floor_clip.json
CLIP,jpeg_q75_28,2,90,2.7110890080542864,1.988658413578291,3.813764772470447,e21_clip.json,e21_floor_clip.json
CLIP,jpeg_q75_28,3,90,2.717209052915818,2.019624077236356,3.7712460196317816,e21_clip.json,e21_floor_clip.json
CLIP,jpeg_q75_28,5,90,2.663054733537587,1.9211447324331652,3.717566660536567,e21_clip.json,e21_floor_clip.json
CLIP,jpeg_q75_28,8,90,2.555400935817506,1.8622667753217441,3.662647414879634,e21_clip.json,e21_floor_clip.json
CLIP,jpeg_q75_28,12,90,2.506894625769295,1.759563939017854,3.682808764872553,e21_clip.json,e21_floor_clip.json
CLIP,jpeg_q75_28,20,90,2.3087139533797947,1.6107224314729662,3.2893828481764493,e21_clip.json,e21_floor_clip.json
CLIP,jpeg_q75_28,30,88,2.067258680840407,1.4272787900408084,2.950413917660508,e21_clip.json,e21_floor_clip.json
CLIP,jpeg_q75_28,40,81,1.9022594108260051,1.2753374980483234,2.849908620994034,e21_clip.json,e21_floor_clip.json
CLIP,jpeg_q50_56,0,90,3.055073846205186,2.3503790528405766,4.133423375093232,e21_clip.json,e21_floor_clip.json
CLIP,jpeg_q50_56,1,90,3.1365817765425326,2.3797481923764763,4.2998470881818305,e21_clip.json,e21_floor_clip.json
CLIP,jpeg_q50_56,2,90,3.060259133866494,2.3414239352577697,4.192739124403015,e21_clip.json,e21_floor_clip.json
CLIP,jpeg_q50_56,3,90,3.0377791689752804,2.3028506879781223,4.14235355265126,e21_clip.json,e21_floor_clip.json
CLIP,jpeg_q50_56,5,90,2.964260263678997,2.2672247345369887,4.093565194825479,e21_clip.json,e21_floor_clip.json
CLIP,jpeg_q50_56,8,90,2.827623060633557,2.0763489053296738,3.908011512149668,e21_clip.json,e21_floor_clip.json
CLIP,jpeg_q50_56,12,90,2.7636361676504344,2.0578680859915477,3.855136091185934,e21_clip.json,e21_floor_clip.json
CLIP,jpeg_q50_56,20,90,2.494551839373438,1.8103113904775092,3.603868098365937,e21_clip.json,e21_floor_clip.json
CLIP,jpeg_q50_56,30,88,2.181031162008048,1.525691939938942,3.180507698350069,e21_clip.json,e21_floor_clip.json
CLIP,jpeg_q50_56,40,81,1.9532006378585285,1.2698090605129109,2.8621133559566747,e21_clip.json,e21_floor_clip.json
CLIP,jpeg_q75_56,0,90,3.1307029438480263,2.420226420255284,4.209195792087388,e21_clip.json,e21_floor_clip.json
CLIP,jpeg_q75_56,1,90,3.212095223102384,2.4409542203826735,4.300189951579879,e21_clip.json,e21_floor_clip.json
CLIP,jpeg_q75_56,2,90,3.1520700433711455,2.43227192843973,4.24792053487137,e21_clip.json,e21_floor_clip.json
CLIP,jpeg_q75_56,3,90,3.150936561926801,2.3498898970005166,4.267463251643988,e21_clip.json,e21_floor_clip.json
CLIP,jpeg_q75_56,5,90,3.0630984416868827,2.31680932796964,4.198728251375437,e21_clip.json,e21_floor_clip.json
CLIP,jpeg_q75_56,8,90,2.9131982802018648,2.1730006743609387,4.046483982949626,e21_clip.json,e21_floor_clip.json
CLIP,jpeg_q75_56,12,90,2.8607463120167242,2.0957801265346254,3.9759139674082142,e21_clip.json,e21_floor_clip.json
CLIP,jpeg_q75_56,20,90,2.5493207480235385,1.857938530907671,3.7077535217524433,e21_clip.json,e21_floor_clip.json
CLIP,jpeg_q75_56,30,88,2.3023006519032942,1.6569379991957967,3.368222033487045,e21_clip.json,e21_floor_clip.json
CLIP,jpeg_q75_56,40,81,2.031993589707069,1.336288643929043,2.98677628916359,e21_clip.json,e21_floor_clip.json
CLIP,jpeg_q50_112,0,90,3.002585466558747,2.328002848574262,4.039204970996693,e21_clip.json,e21_floor_clip.json
CLIP,jpeg_q50_112,1,90,3.09469229518115,2.3959109231559634,4.247523612445781,e21_clip.json,e21_floor_clip.json
CLIP,jpeg_q50_112,2,90,3.0539597214495595,2.3538488573464127,4.166377103584351,e21_clip.json,e21_floor_clip.json
CLIP,jpeg_q50_112,3,90,3.055980614140666,2.3654831838625556,4.129996626949834,e21_clip.json,e21_floor_clip.json
CLIP,jpeg_q50_112,5,90,3.013518557637651,2.3127307360715528,4.089398264452165,e21_clip.json,e21_floor_clip.json
CLIP,jpeg_q50_112,8,90,2.9011292504065525,2.1654269078035693,4.029339470513545,e21_clip.json,e21_floor_clip.json
CLIP,jpeg_q50_112,12,90,2.828122604748867,2.09550813990769,4.051092808743267,e21_clip.json,e21_floor_clip.json
CLIP,jpeg_q50_112,20,90,2.484618115864183,1.776060503841951,3.537360319495857,e21_clip.json,e21_floor_clip.json
CLIP,jpeg_q50_112,30,88,2.232677774247072,1.6021352139594256,3.226530545358433,e21_clip.json,e21_floor_clip.json
CLIP,jpeg_q50_112,40,81,2.140384290773204,1.5202899146747508,3.0980806888047634,e21_clip.json,e21_floor_clip.json
CLIP,jpeg_q75_112,0,90,2.3058596970600442,1.7393172847430556,3.225808351817382,e21_clip.json,e21_floor_clip.json
CLIP,jpeg_q75_112,1,90,2.464109784036948,1.8844935831558012,3.3402794460785032,e21_clip.json,e21_floor_clip.json
CLIP,jpeg_q75_112,2,90,2.4682934993481713,1.87008900060376,3.2878250673749654,e21_clip.json,e21_floor_clip.json
CLIP,jpeg_q75_112,3,90,2.521797587340238,1.9066370729980802,3.4210507723454096,e21_clip.json,e21_floor_clip.json
CLIP,jpeg_q75_112,5,90,2.523115742604584,1.8983482599439025,3.398033583799249,e21_clip.json,e21_floor_clip.json
CLIP,jpeg_q75_112,8,90,2.511951429146553,1.8881220378448766,3.484167480554461,e21_clip.json,e21_floor_clip.json
CLIP,jpeg_q75_112,12,90,2.497021371691577,1.8328657592410829,3.4786382067710258,e21_clip.json,e21_floor_clip.json
CLIP,jpeg_q75_112,20,90,2.2222561287043234,1.57810399256926,3.1975787822489408,e21_clip.json,e21_floor_clip.json
CLIP,jpeg_q75_112,30,88,2.033278540911199,1.483787669115055,2.938394154831467,e21_clip.json,e21_floor_clip.json
CLIP,jpeg_q75_112,40,81,2.0078995358249356,1.3714895878694815,2.9914581409800234,e21_clip.json,e21_floor_clip.json
CLIP,jpeg_q25_224,0,90,1.3952613960889417,1.0022549385203317,1.9907417798703295,e21_clip.json,e21_floor_clip.json
CLIP,jpeg_q25_224,1,90,1.6402709926650885,1.2097844225855834,2.2559944647575882,e21_clip.json,e21_floor_clip.json
CLIP,jpeg_q25_224,2,90,1.7421462694712604,1.2926654561147646,2.398601480799806,e21_clip.json,e21_floor_clip.json
CLIP,jpeg_q25_224,3,90,1.8585451570333373,1.400891379389209,2.504576185339202,e21_clip.json,e21_floor_clip.json
CLIP,jpeg_q25_224,5,90,1.9116300499938337,1.420860796720034,2.64885613658928,e21_clip.json,e21_floor_clip.json
CLIP,jpeg_q25_224,8,90,1.9479555392023986,1.4427419602496052,2.7046209226061273,e21_clip.json,e21_floor_clip.json
CLIP,jpeg_q25_224,12,90,2.03678388081176,1.501017653845028,2.8613629534410854,e21_clip.json,e21_floor_clip.json
CLIP,jpeg_q25_224,20,90,1.8908282284711129,1.3447568345117988,2.7379468935883513,e21_clip.json,e21_floor_clip.json
CLIP,jpeg_q25_224,30,88,1.7049273284637803,1.1896482313066212,2.4969702077047327,e21_clip.json,e21_floor_clip.json
CLIP,jpeg_q25_224,40,81,1.7652181614280569,1.1827852571859638,2.65568180814724,e21_clip.json,e21_floor_clip.json
CLIP,jpeg_q50_224,0,90,-0.19903236963406518,-0.35120630033184835,-0.04707095420643102,e21_clip.json,e21_floor_clip.json
CLIP,jpeg_q50_224,1,90,-0.03954428041959401,-0.200847259713543,0.12900825524663054,e21_clip.json,e21_floor_clip.json
CLIP,jpeg_q50_224,2,90,0.09520641594234047,-0.08452092276449982,0.2860283426215915,e21_clip.json,e21_floor_clip.json
CLIP,jpeg_q50_224,3,90,0.17504607705222808,-0.004641887209376197,0.3717038893513947,e21_clip.json,e21_floor_clip.json
CLIP,jpeg_q50_224,5,90,0.3473187626238299,0.14160181363942392,0.5598708776775398,e21_clip.json,e21_floor_clip.json
CLIP,jpeg_q50_224,8,90,0.5467913118292697,0.336926198073174,0.780457180299732,e21_clip.json,e21_floor_clip.json
CLIP,jpeg_q50_224,12,90,0.6976312770698053,0.48579790584734484,0.974966420427461,e21_clip.json,e21_floor_clip.json
CLIP,jpeg_q50_224,20,90,0.8427956961231464,0.5659959365612031,1.2415322897495449,e21_clip.json,e21_floor_clip.json
CLIP,jpeg_q50_224,30,88,0.888304702417062,0.5665866084707685,1.3188309165197831,e21_clip.json,e21_floor_clip.json
CLIP,jpeg_q50_224,40,81,0.9799882625152587,0.5707916051222307,1.5027946530999574,e21_clip.json,e21_floor_clip.json
CLIP,jpeg_q75_224,0,90,-0.32305873037422334,-0.41123792464345726,-0.25021428258401646,e21_clip.json,e21_floor_clip.json
CLIP,jpeg_q75_224,1,90,-0.3021438787720978,-0.4048988205664306,-0.2037258377785079,e21_clip.json,e21_floor_clip.json
CLIP,jpeg_q75_224,2,90,-0.2650285187474545,-0.38467349586816246,-0.14530515456309906,e21_clip.json,e21_floor_clip.json
CLIP,jpeg_q75_224,3,90,-0.229678529465363,-0.3641294405297694,-0.10516534586218396,e21_clip.json,e21_floor_clip.json
CLIP,jpeg_q75_224,5,90,-0.12570152886575153,-0.2781143648060147,0.011996401897282209,e21_clip.json,e21_floor_clip.json
CLIP,jpeg_q75_224,8,90,0.005018172980753022,-0.1587446581539933,0.1503740356718142,e21_clip.json,e21_floor_clip.json
CLIP,jpeg_q75_224,12,90,0.12617280136690712,-0.02372934844945223,0.2563398000457879,e21_clip.json,e21_floor_clip.json
CLIP,jpeg_q75_224,20,90,0.2597857123555172,0.0941975391357852,0.43932547794806026,e21_clip.json,e21_floor_clip.json
CLIP,jpeg_q75_224,30,88,0.4125100707017937,0.19847567921939843,0.6633780021230079,e21_clip.json,e21_floor_clip.json
CLIP,jpeg_q75_224,40,81,0.47541403361365253,0.19367806929409617,0.8307118082222118,e21_clip.json,e21_floor_clip.json
CLIP,jpeg_q10_518,0,90,1.8804745882200198,1.3945464071393332,2.576855150145008,e21_clip.json,e21_floor_clip.json
CLIP,jpeg_q10_518,1,90,2.0762707132212754,1.5676442450097148,2.8584887079069574,e21_clip.json,e21_floor_clip.json
CLIP,jpeg_q10_518,2,90,2.151174507025479,1.6102394556030304,2.955137392619607,e21_clip.json,e21_floor_clip.json
CLIP,jpeg_q10_518,3,90,2.2494922719290154,1.694935129738678,3.075856677262267,e21_clip.json,e21_floor_clip.json
CLIP,jpeg_q10_518,5,90,2.2679588494071954,1.7072048117488596,3.150184017385383,e21_clip.json,e21_floor_clip.json
CLIP,jpeg_q10_518,8,90,2.258847891771937,1.6858991608166016,3.1524913162303014,e21_clip.json,e21_floor_clip.json
CLIP,jpeg_q10_518,12,90,2.3369778988257988,1.7305301163400855,3.3170130545339447,e21_clip.json,e21_floor_clip.json
CLIP,jpeg_q10_518,20,90,2.1643778209894,1.562430416189905,3.127642817476388,e21_clip.json,e21_floor_clip.json
CLIP,jpeg_q10_518,30,88,1.927980180398574,1.3679299512933747,2.808127320179271,e21_clip.json,e21_floor_clip.json
CLIP,jpeg_q10_518,40,81,1.9450576499037902,1.3645038372760634,2.8378668175093376,e21_clip.json,e21_floor_clip.json
CLIP,jpeg_q25_518,0,90,-0.2309974521570174,-0.34980101409202996,-0.10752163050852095,e21_clip.json,e21_floor_clip.json
CLIP,jpeg_q25_518,1,90,-0.13530338973980993,-0.28351367557029455,0.02424270655229111,e21_clip.json,e21_floor_clip.json
CLIP,jpeg_q25_518,2,90,-0.07153603052182278,-0.22930942983484257,0.09601082154635841,e21_clip.json,e21_floor_clip.json
CLIP,jpeg_q25_518,3,90,0.018177141893365167,-0.1424513606713847,0.18190478463121482,e21_clip.json,e21_floor_clip.json
CLIP,jpeg_q25_518,5,90,0.12623889110780406,-0.05224825965001511,0.30216439015846264,e21_clip.json,e21_floor_clip.json
CLIP,jpeg_q25_518,8,90,0.29919137688733854,0.11350815358763416,0.4819362251134317,e21_clip.json,e21_floor_clip.json
CLIP,jpeg_q25_518,12,90,0.4468461593425713,0.2556166938103087,0.6551361864205131,e21_clip.json,e21_floor_clip.json
CLIP,jpeg_q25_518,20,90,0.5494087828389127,0.34485445742209714,0.8254684410828669,e21_clip.json,e21_floor_clip.json
CLIP,jpeg_q25_518,30,88,0.6235218509590101,0.3775447371234909,0.9343950072898253,e21_clip.json,e21_floor_clip.json
CLIP,jpeg_q25_518,40,81,0.8099124162161382,0.4767791261492439,1.2906212724275092,e21_clip.json,e21_floor_clip.json
CLIP,jpeg_q50_518,0,90,-0.27502234279575366,-0.35663052860456207,-0.20428867945041243,e21_clip.json,e21_floor_clip.json
CLIP,jpeg_q50_518,1,90,-0.29790222025877494,-0.4088403795145554,-0.202551835560175,e21_clip.json,e21_floor_clip.json
CLIP,jpeg_q50_518,2,90,-0.2751692159629163,-0.3932692809180491,-0.15592597699609187,e21_clip.json,e21_floor_clip.json
CLIP,jpeg_q50_518,3,90,-0.23194348339230303,-0.3589449613923687,-0.11191007694487944,e21_clip.json,e21_floor_clip.json
CLIP,jpeg_q50_518,5,90,-0.16881987855679065,-0.32013767196112247,-0.026415414970638325,e21_clip.json,e21_floor_clip.json
CLIP,jpeg_q50_518,8,90,-0.06710053750160916,-0.22789057234478755,0.07970355244974549,e21_clip.json,e21_floor_clip.json
CLIP,jpeg_q50_518,12,90,0.0822095925044416,-0.0674062789322712,0.20855888999896416,e21_clip.json,e21_floor_clip.json
CLIP,jpeg_q50_518,20,90,0.19705332604316306,0.04150356466369081,0.3386249359807112,e21_clip.json,e21_floor_clip.json
CLIP,jpeg_q50_518,30,88,0.26997276030393125,0.08257659757434807,0.46898500829221434,e21_clip.json,e21_floor_clip.json
CLIP,jpeg_q50_518,40,81,0.33431114251113025,0.08394275176407444,0.6231794115081043,e21_clip.json,e21_floor_clip.json
CLIP,jpeg_q75_518,0,90,-0.23223819887946529,-0.29901636877781024,-0.175267634915072,e21_clip.json,e21_floor_clip.json
CLIP,jpeg_q75_518,1,90,-0.26855173852926806,-0.35325898251876975,-0.1824798601993179,e21_clip.json,e21_floor_clip.json
CLIP,jpeg_q75_518,2,90,-0.27077286657610744,-0.37118830667391023,-0.17067402495082887,e21_clip.json,e21_floor_clip.json
CLIP,jpeg_q75_518,3,90,-0.245319423847061,-0.3561695141408408,-0.13847027296005546,e21_clip.json,e21_floor_clip.json
CLIP,jpeg_q75_518,5,90,-0.17995554131797953,-0.3127532552574853,-0.057796128131544874,e21_clip.json,e21_floor_clip.json
CLIP,jpeg_q75_518,8,90,-0.09246172652291296,-0.24223758566517214,0.042271458479659615,e21_clip.json,e21_floor_clip.json
CLIP,jpeg_q75_518,12,90,0.049626378083582945,-0.08153396819981307,0.16512048200243826,e21_clip.json,e21_floor_clip.json
CLIP,jpeg_q75_518,20,90,0.14136599197465483,0.020928343510078013,0.26080393660764456,e21_clip.json,e21_floor_clip.json
CLIP,jpeg_q75_518,30,88,0.23953680189442683,0.06993644177165029,0.4267832297996882,e21_clip.json,e21_floor_clip.json
CLIP,jpeg_q75_518,40,81,0.22648461329727798,0.009349425594802323,0.46356372963465353,e21_clip.json,e21_floor_clip.json
CLIP,jpeg_q95_518,0,90,-0.20085463346284949,-0.2513193128837542,-0.15586265737753577,e21_clip.json,e21_floor_clip.json
CLIP,jpeg_q95_518,1,90,-0.27088952365451746,-0.3518668569543171,-0.19464939749047688,e21_clip.json,e21_floor_clip.json
CLIP,jpeg_q95_518,2,90,-0.27938891683778333,-0.3708050497243611,-0.18716350327356363,e21_clip.json,e21_floor_clip.json
CLIP,jpeg_q95_518,3,90,-0.2625786013654883,-0.37379641176084033,-0.15422025725577015,e21_clip.json,e21_floor_clip.json
CLIP,jpeg_q95_518,5,90,-0.21648240554045278,-0.34779364725873485,-0.09146116703890855,e21_clip.json,e21_floor_clip.json
CLIP,jpeg_q95_518,8,90,-0.148884705321639,-0.30826701440093096,-0.0005733191822608595,e21_clip.json,e21_floor_clip.json
CLIP,jpeg_q95_518,12,90,-0.02403092873478818,-0.15942241342574748,0.09221133090527753,e21_clip.json,e21_floor_clip.json
CLIP,jpeg_q95_518,20,90,0.09903551930058807,-0.03438345026671415,0.2230942250301514,e21_clip.json,e21_floor_clip.json
CLIP,jpeg_q95_518,30,88,0.18710488171339623,0.02779795200117538,0.35657425776278384,e21_clip.json,e21_floor_clip.json
CLIP,jpeg_q95_518,40,81,0.19349927800902944,-0.02534753270496861,0.4159410031727232,e21_clip.json,e21_floor_clip.json
