device,cells,rank,consumers,arm,mode,block,domain_id,domain_name,gross_mJ,seconds,operations
cuda,144,32,3,G,idle,0,gpu0,GPU board,86866,1.0010270942002535,0
cuda,144,32,3,G,write,0,gpu0,GPU board,103428,1.0005201399326324,10250
cuda,144,32,3,G,read,0,gpu0,GPU board,99077,1.0012232214212418,14910
cuda,144,32,3,C,idle,0,gpu0,GPU board,94544,1.0010340129956603,0
cuda,144,32,3,C,write,0,gpu0,GPU board,102573,1.00046157091856,12020
cuda,144,32,3,C,read,0,gpu0,GPU board,100085,1.001967272721231,12420
cuda,144,32,3,F,idle,0,gpu0,GPU board,92996,1.0010258872061968,0
cuda,144,32,3,F,write,0,gpu0,GPU board,105260,1.0001864833757281,24980
cuda,144,32,3,F,read,0,gpu0,GPU board,100066,1.0006817979738116,17190
cuda,144,32,3,E,write,0,gpu0,GPU board,106978,1.0003727916628122,19120
cuda,144,32,3,E,read,0,gpu0,GPU board,100137,1.0019964603707194,13260
cuda,144,32,3,E,idle,0,gpu0,GPU board,95962,1.0010362025350332,0
cuda,144,32,3,A,read,0,gpu0,GPU board,91110,1.000264560803771,15930
cuda,144,32,3,A,write,0,gpu0,GPU board,93110,1.0004904735833406,16400
cuda,144,32,3,A,idle,0,gpu0,GPU board,89646,1.0010526049882174,0
cuda,144,32,3,B,write,0,gpu0,GPU board,92368,1.0000877929851413,113790
cuda,144,32,3,B,idle,0,gpu0,GPU board,90913,1.0010356660932302,0
cuda,144,32,3,B,read,0,gpu0,GPU board,92207,1.0011467719450593,19230
cuda,144,32,3,D,read,0,gpu0,GPU board,91844,1.0009904988110065,19230
cuda,144,32,3,D,write,0,gpu0,GPU board,104132,1.0006825849413872,14100
cuda,144,32,3,D,idle,0,gpu0,GPU board,97504,1.0010270178318024,0
cuda,144,32,3,C,write,1,gpu0,GPU board,107800,1.0005374271422625,14090
cuda,144,32,3,C,idle,1,gpu0,GPU board,97027,1.0010330379009247,0
cuda,144,32,3,C,read,1,gpu0,GPU board,99961,1.0018717804923654,14700
cuda,144,32,3,E,idle,1,gpu0,GPU board,89978,1.0010265354067087,0
cuda,144,32,3,E,write,1,gpu0,GPU board,104604,1.0000190502032638,22160
cuda,144,32,3,E,read,1,gpu0,GPU board,104628,1.001663844101131,15810
cuda,144,32,3,B,write,1,gpu0,GPU board,106272,1.000040141865611,112800
cuda,144,32,3,B,read,1,gpu0,GPU board,92609,1.0005126539617777,19110
cuda,144,32,3,B,idle,1,gpu0,GPU board,91376,1.001030758023262,0
cuda,144,32,3,F,read,1,gpu0,GPU board,92109,1.0008402485400438,18930
cuda,144,32,3,F,write,1,gpu0,GPU board,105387,1.000313876196742,22320
cuda,144,32,3,F,idle,1,gpu0,GPU board,99044,1.0010293191298842,0
cuda,144,32,3,D,idle,1,gpu0,GPU board,99238,1.001025963574648,0
cuda,144,32,3,D,write,1,gpu0,GPU board,105485,1.0001165922731161,14050
cuda,144,32,3,D,read,1,gpu0,GPU board,104520,1.0003240695223212,19050
cuda,144,32,3,G,write,1,gpu0,GPU board,109692,1.0001351982355118,10830
cuda,144,32,3,G,idle,1,gpu0,GPU board,100468,1.001027931459248,0
cuda,144,32,3,G,read,1,gpu0,GPU board,102151,1.0008889101445675,19050
cuda,144,32,3,A,read,1,gpu0,GPU board,91867,1.0008700853213668,19080
cuda,144,32,3,A,idle,1,gpu0,GPU board,92314,1.001041335053742,0
cuda,144,32,3,A,write,1,gpu0,GPU board,95169,1.0001775277778506,17340
cuda,144,32,3,A,write,2,gpu0,GPU board,95233,1.000101395882666,17200
cuda,144,32,3,A,read,2,gpu0,GPU board,92959,1.0012071868404746,18990
cuda,144,32,3,A,idle,2,gpu0,GPU board,100757,1.0010487781837583,0
cuda,144,32,3,C,idle,2,gpu0,GPU board,92156,1.00102642737329,0
cuda,144,32,3,C,write,2,gpu0,GPU board,107671,1.0001679072156549,14070
cuda,144,32,3,C,read,2,gpu0,GPU board,105410,1.0013301391154528,14820
cuda,144,32,3,D,read,2,gpu0,GPU board,101867,1.000214360654354,19230
cuda,144,32,3,D,idle,2,gpu0,GPU board,91398,1.0010254383087158,0
cuda,144,32,3,D,write,2,gpu0,GPU board,106933,1.0000504795461893,14100
cuda,144,32,3,B,write,2,gpu0,GPU board,109150,1.0000517619773746,113240
cuda,144,32,3,B,idle,2,gpu0,GPU board,100570,1.0010270150378346,0
cuda,144,32,3,B,read,2,gpu0,GPU board,93232,1.0009188754484057,19140
cuda,144,32,3,F,read,2,gpu0,GPU board,92896,1.000740246847272,18960
cuda,144,32,3,F,write,2,gpu0,GPU board,109115,1.0001243017613888,22250
cuda,144,32,3,F,idle,2,gpu0,GPU board,101727,1.0010292809456587,0
cuda,144,32,3,E,read,2,gpu0,GPU board,101856,1.0005066124722362,15570
cuda,144,32,3,E,write,2,gpu0,GPU board,110135,1.0000520376488566,22180
cuda,144,32,3,E,idle,2,gpu0,GPU board,103108,1.0010299971327186,0
cuda,144,32,3,G,read,2,gpu0,GPU board,102886,1.0000316873192787,18990
cuda,144,32,3,G,write,2,gpu0,GPU board,109022,1.0008872402831912,10820
cuda,144,32,3,G,idle,2,gpu0,GPU board,102510,1.0010534999892116,0
cuda,144,32,3,D,read,3,gpu0,GPU board,102039,1.0011302838101983,18990
cuda,144,32,3,D,idle,3,gpu0,GPU board,92834,1.001082674600184,0
cuda,144,32,3,D,write,3,gpu0,GPU board,105080,1.0004702964797616,12380
cuda,144,32,3,B,idle,3,gpu0,GPU board,103197,1.0010254541411996,0
cuda,144,32,3,B,write,3,gpu0,GPU board,105572,1.0000843927264214,112290
cuda,144,32,3,B,read,3,gpu0,GPU board,93065,1.0010464834049344,19050
cuda,144,32,3,E,idle,3,gpu0,GPU board,91268,1.0010262988507748,0
cuda,144,32,3,E,write,3,gpu0,GPU board,110425,1.0000644903630018,22250
cuda,144,32,3,E,read,3,gpu0,GPU board,107209,1.0000011380761862,15600
cuda,144,32,3,G,read,3,gpu0,GPU board,105993,1.0005948664620519,18930
cuda,144,32,3,G,write,3,gpu0,GPU board,106938,1.0001811441034079,10740
cuda,144,32,3,G,idle,3,gpu0,GPU board,103733,1.0010225949808955,0
cuda,144,32,3,C,idle,3,gpu0,GPU board,109890,1.0004544528201222,0
cuda,144,32,3,C,read,3,gpu0,GPU board,94085,1.0002319542691112,11250
cuda,144,32,3,C,write,3,gpu0,GPU board,107334,1.0000109309330583,12070
cuda,144,32,3,F,read,3,gpu0,GPU board,106097,1.0016201846301556,15930
cuda,144,32,3,F,idle,3,gpu0,GPU board,100187,1.0010371832177043,0
cuda,144,32,3,F,write,3,gpu0,GPU board,109473,1.0000642677769065,19950
cuda,144,32,3,A,write,3,gpu0,GPU board,110324,1.0000567389652133,17250
cuda,144,32,3,A,idle,3,gpu0,GPU board,101959,1.0010241866111755,0
cuda,144,32,3,A,read,3,gpu0,GPU board,94357,1.0011309692636132,18990
cuda,144,32,3,A,idle,4,gpu0,GPU board,92970,1.0010265074670315,0
cuda,144,32,3,A,read,4,gpu0,GPU board,93813,1.0002432633191347,18840
cuda,144,32,3,A,write,4,gpu0,GPU board,96596,1.00020323228091,17040
cuda,144,32,3,B,write,4,gpu0,GPU board,95802,1.0000610118731856,114600
cuda,144,32,3,B,idle,4,gpu0,GPU board,92123,1.0010297689586878,0
cuda,144,32,3,B,read,4,gpu0,GPU board,92574,1.0009583225473762,19080
cuda,144,32,3,G,idle,4,gpu0,GPU board,92946,1.0010280441492796,0
cuda,144,32,3,G,write,4,gpu0,GPU board,108908,1.0003176257014275,10770
cuda,144,32,3,G,read,4,gpu0,GPU board,106340,1.0008389176800847,18870
cuda,144,32,3,D,read,4,gpu0,GPU board,104644,1.0012531792744994,19050
cuda,144,32,3,D,idle,4,gpu0,GPU board,92140,1.001028367318213,0
cuda,144,32,3,D,write,4,gpu0,GPU board,109249,1.000647159293294,14060
cuda,144,32,3,F,idle,4,gpu0,GPU board,105012,1.0010247407481074,0
cuda,144,32,3,F,write,4,gpu0,GPU board,114818,1.0000469479709864,22230
cuda,144,32,3,F,read,4,gpu0,GPU board,107152,1.0012069381773472,19020
cuda,144,32,3,E,idle,4,gpu0,GPU board,102613,1.0010324828326702,0
cuda,144,32,3,E,write,4,gpu0,GPU board,109541,1.0003831340000033,22190
cuda,144,32,3,E,read,4,gpu0,GPU board,106350,1.0002287505194545,15690
cuda,144,32,3,C,read,4,gpu0,GPU board,106637,1.0007881987839937,14670
cuda,144,32,3,C,write,4,gpu0,GPU board,109812,1.0005402565002441,13980
cuda,144,32,3,C,idle,4,gpu0,GPU board,105749,1.0010317703709006,0
cuda,2304,32,3,F,idle,0,gpu0,GPU board,101893,1.000145921483636,0
cuda,2304,32,3,F,read,0,gpu0,GPU board,93924,1.0010336702689528,15630
cuda,2304,32,3,F,write,0,gpu0,GPU board,117798,1.0003214180469513,19080
cuda,2304,32,3,C,idle,0,gpu0,GPU board,105624,1.0010287538170815,0
cuda,2304,32,3,C,write,0,gpu0,GPU board,117966,1.0005926676094532,12850
cuda,2304,32,3,C,read,0,gpu0,GPU board,110796,1.0004680771380663,14610
cuda,2304,32,3,D,write,0,gpu0,GPU board,118249,1.0006584580987692,13980
cuda,2304,32,3,D,idle,0,gpu0,GPU board,104114,1.00103531870991,0
cuda,2304,32,3,D,read,0,gpu0,GPU board,104604,1.0005871066823602,18960
cuda,2304,32,3,A,read,0,gpu0,GPU board,96605,1.0003142589703202,19020
cuda,2304,32,3,A,write,0,gpu0,GPU board,108076,1.0003856252878904,17230
cuda,2304,32,3,A,idle,0,gpu0,GPU board,94641,1.0010274890810251,0
cuda,2304,32,3,E,read,0,gpu0,GPU board,97094,1.0001113200560212,15660
cuda,2304,32,3,E,write,0,gpu0,GPU board,117045,1.0003666914999485,20140
cuda,2304,32,3,E,idle,0,gpu0,GPU board,105046,1.0010349173098803,0
cuda,2304,32,3,G,read,0,gpu0,GPU board,104329,1.0015301201492548,19020
cuda,2304,32,3,G,write,0,gpu0,GPU board,119021,1.0001336196437478,10830
cuda,2304,32,3,G,idle,0,gpu0,GPU board,106322,1.0010151090100408,0
cuda,2304,32,3,B,write,0,gpu0,GPU board,116507,1.000058127567172,112900
cuda,2304,32,3,B,idle,0,gpu0,GPU board,94644,1.001028148457408,0
cuda,2304,32,3,B,read,0,gpu0,GPU board,95557,1.0009475611150265,18990
cuda,2304,32,3,G,write,1,gpu0,GPU board,117500,1.00055131316185,10790
cuda,2304,32,3,G,read,1,gpu0,GPU board,109976,1.000730825588107,18840
cuda,2304,32,3,G,idle,1,gpu0,GPU board,103229,1.001027811318636,0
cuda,2304,32,3,E,idle,1,gpu0,GPU board,93696,1.001049187965691,0
cuda,2304,32,3,E,write,1,gpu0,GPU board,116726,1.0000494066625834,20160
cuda,2304,32,3,E,read,1,gpu0,GPU board,110212,1.0007947776466608,15570
cuda,2304,32,3,B,idle,1,gpu0,GPU board,104865,1.0010338760912418,0
cuda,2304,32,3,B,read,1,gpu0,GPU board,97021,1.0007854979485273,19020
cuda,2304,32,3,B,write,1,gpu0,GPU board,106354,1.000054370611906,113160
cuda,2304,32,3,D,idle,1,gpu0,GPU board,94091,1.0010256422683597,0
cuda,2304,32,3,D,write,1,gpu0,GPU board,114367,1.000345190986991,13940
cuda,2304,32,3,D,read,1,gpu0,GPU board,107899,1.000016625970602,18930
cuda,2304,32,3,A,idle,1,gpu0,GPU board,103222,1.001029497012496,0
cuda,2304,32,3,A,write,1,gpu0,GPU board,107852,1.0005469461902976,17180
cuda,2304,32,3,A,read,1,gpu0,GPU board,97602,1.0003893449902534,18900
cuda,2304,32,3,F,idle,1,gpu0,GPU board,94304,1.0010482566431165,0
cuda,2304,32,3,F,write,1,gpu0,GPU board,116534,1.0003291219472885,20040
cuda,2304,32,3,F,read,1,gpu0,GPU board,108632,1.001405218616128,18960
cuda,2304,32,3,C,read,1,gpu0,GPU board,109272,1.0006609251722693,14610
cuda,2304,32,3,C,idle,1,gpu0,GPU board,93409,1.0010179206728935,0
cuda,2304,32,3,C,write,1,gpu0,GPU board,113464,1.0001748111099005,13960
cuda,2304,32,3,A,idle,2,gpu0,GPU board,106519,1.001044075936079,0
cuda,2304,32,3,A,read,2,gpu0,GPU board,107495,1.0012370515614748,18930
cuda,2304,32,3,A,write,2,gpu0,GPU board,108414,1.0002259528264403,17090
cuda,2304,32,3,B,read,2,gpu0,GPU board,97176,1.0013669971376657,18990
cuda,2304,32,3,B,idle,2,gpu0,GPU board,93476,1.0010442361235619,0
cuda,2304,32,3,B,write,2,gpu0,GPU board,104524,1.0000280532985926,111490
cuda,2304,32,3,G,idle,2,gpu0,GPU board,93181,1.0010483413934708,0
cuda,2304,32,3,G,write,2,gpu0,GPU board,117264,1.0000560628250241,10550
cuda,2304,32,3,G,read,2,gpu0,GPU board,109796,1.0012014834210277,19080
cuda,2304,32,3,F,write,2,gpu0,GPU board,120250,1.000376452691853,20250
cuda,2304,32,3,F,idle,2,gpu0,GPU board,106121,1.0010397220030427,0
cuda,2304,32,3,F,read,2,gpu0,GPU board,106539,1.0007626563310623,18870
cuda,2304,32,3,C,write,2,gpu0,GPU board,113653,1.0002171099185944,13920
cuda,2304,32,3,C,read,2,gpu0,GPU board,110128,1.00150359980762,14670
cuda,2304,32,3,C,idle,2,gpu0,GPU board,104957,1.0010472806170583,0
cuda,2304,32,3,D,read,2,gpu0,GPU board,96511,1.0001175962388515,18720
cuda,2304,32,3,D,write,2,gpu0,GPU board,114325,1.0005457121878862,13880
cuda,2304,32,3,D,idle,2,gpu0,GPU board,106047,1.001073363237083,0
cuda,2304,32,3,E,read,2,gpu0,GPU board,117915,1.0000247415155172,15450
cuda,2304,32,3,E,idle,2,gpu0,GPU board,94917,1.0010510738939047,0
cuda,2304,32,3,E,write,2,gpu0,GPU board,118592,1.0000827154144645,19990
cuda,2304,32,3,D,write,3,gpu0,GPU board,119871,1.0006714463233948,13910
cuda,2304,32,3,D,read,3,gpu0,GPU board,108510,1.0011480553075671,18900
cuda,2304,32,3,D,idle,3,gpu0,GPU board,102562,1.0010486748069525,0
cuda,2304,32,3,E,write,3,gpu0,GPU board,117607,1.0001854412257671,19990
cuda,2304,32,3,E,idle,3,gpu0,GPU board,106432,1.001048325560987,0
cuda,2304,32,3,E,read,3,gpu0,GPU board,108379,1.00096426717937,15540
cuda,2304,32,3,C,idle,3,gpu0,GPU board,94257,1.0010684430599213,0
cuda,2304,32,3,C,read,3,gpu0,GPU board,98766,1.001197556965053,14400
cuda,2304,32,3,C,write,3,gpu0,GPU board,116311,1.0003635762259364,13910
cuda,2304,32,3,F,idle,3,gpu0,GPU board,105020,1.0010490082204342,0
cuda,2304,32,3,F,write,3,gpu0,GPU board,119699,1.0002876706421375,20070
cuda,2304,32,3,F,read,3,gpu0,GPU board,110036,1.0005408907309175,18870
cuda,2304,32,3,B,write,3,gpu0,GPU board,118080,1.0000489363446832,113300
cuda,2304,32,3,B,read,3,gpu0,GPU board,97701,1.0008954368531704,18960
cuda,2304,32,3,B,idle,3,gpu0,GPU board,94191,1.0010489467531443,0
cuda,2304,32,3,A,idle,3,gpu0,GPU board,93739,1.001049310900271,0
cuda,2304,32,3,A,write,3,gpu0,GPU board,107494,1.0001839492470026,16840
cuda,2304,32,3,A,read,3,gpu0,GPU board,96339,1.0015171663835645,19020
cuda,2304,32,3,G,read,3,gpu0,GPU board,97181,1.0000336403027177,18900
cuda,2304,32,3,G,idle,3,gpu0,GPU board,94536,1.0010481243953109,0
cuda,2304,32,3,G,write,3,gpu0,GPU board,118821,1.0000877836719155,10600
cuda,2304,32,3,G,read,4,gpu0,GPU board,109433,1.0013077594339848,18990
cuda,2304,32,3,G,write,4,gpu0,GPU board,121390,1.0005003828555346,10750
cuda,2304,32,3,G,idle,4,gpu0,GPU board,106100,1.0010489197447896,0
cuda,2304,32,3,C,idle,4,gpu0,GPU board,103838,1.0010310197249055,0
cuda,2304,32,3,C,read,4,gpu0,GPU board,98868,1.0007326966151595,14550
cuda,2304,32,3,C,write,4,gpu0,GPU board,116407,1.000340680591762,13930
cuda,2304,32,3,E,read,4,gpu0,GPU board,111387,1.0016856202855706,15690
cuda,2304,32,3,E,idle,4,gpu0,GPU board,105074,1.0010493891313672,0
cuda,2304,32,3,E,write,4,gpu0,GPU board,121193,1.0001382790505886,20040
cuda,2304,32,3,D,write,4,gpu0,GPU board,120968,1.000376713462174,13890
cuda,2304,32,3,D,idle,4,gpu0,GPU board,105957,1.0010344572365284,0
cuda,2304,32,3,D,read,4,gpu0,GPU board,107846,1.0006574746221304,18900
cuda,2304,32,3,A,write,4,gpu0,GPU board,108956,1.0002619428560138,17200
cuda,2304,32,3,A,read,4,gpu0,GPU board,96934,1.0005138935521245,18930
cuda,2304,32,3,A,idle,4,gpu0,GPU board,93637,1.001029103063047,0
cuda,2304,32,3,B,write,4,gpu0,GPU board,105471,1.0000206734985113,112850
cuda,2304,32,3,B,idle,4,gpu0,GPU board,95126,1.0010274043306708,0
cuda,2304,32,3,B,read,4,gpu0,GPU board,97236,1.0004585571587086,19110
cuda,2304,32,3,F,write,4,gpu0,GPU board,119330,1.0004539350047708,20160
cuda,2304,32,3,F,idle,4,gpu0,GPU board,105861,1.0010516624897718,0
cuda,2304,32,3,F,read,4,gpu0,GPU board,107099,1.0008303569629788,18990
cpu,144,32,3,G,idle,0,intel-rapl:0,package-1,46075.504,1.0010612588375807,0
cpu,144,32,3,G,idle,0,intel-rapl:1,package-0,43242.321,1.0010612588375807,0
cpu,144,32,3,G,idle,0,intel-rapl:0:0,dram,6633.636,1.0010612588375807,0
cpu,144,32,3,G,idle,0,intel-rapl:1:0,dram,9196.722,1.0010612588375807,0
cpu,144,32,3,G,write,0,intel-rapl:0,package-1,60339.994,1.0005111889913678,17400
cpu,144,32,3,G,write,0,intel-rapl:1,package-0,57990.147,1.0005111889913678,17400
cpu,144,32,3,G,write,0,intel-rapl:0:0,dram,5941.679,1.0005111889913678,17400
cpu,144,32,3,G,write,0,intel-rapl:1:0,dram,7589.443,1.0005111889913678,17400
cpu,144,32,3,G,read,0,intel-rapl:0,package-1,60305.571,1.0002623507753015,87000
cpu,144,32,3,G,read,0,intel-rapl:1,package-0,55880.839,1.0002623507753015,87000
cpu,144,32,3,G,read,0,intel-rapl:0:0,dram,5932.774,1.0002623507753015,87000
cpu,144,32,3,G,read,0,intel-rapl:1:0,dram,7575.581,1.0002623507753015,87000
cpu,144,32,3,C,idle,0,intel-rapl:0,package-1,46513.553,1.0010676179081202,0
cpu,144,32,3,C,idle,0,intel-rapl:1,package-0,43719.37,1.0010676179081202,0
cpu,144,32,3,C,idle,0,intel-rapl:0:0,dram,6289.769,1.0010676179081202,0
cpu,144,32,3,C,idle,0,intel-rapl:1:0,dram,8417.845,1.0010676179081202,0
cpu,144,32,3,C,write,0,intel-rapl:0,package-1,60123.87,1.0001237634569407,31390
cpu,144,32,3,C,write,0,intel-rapl:1,package-0,53703.659,1.0001237634569407,31390
cpu,144,32,3,C,write,0,intel-rapl:0:0,dram,5945.947,1.0001237634569407,31390
cpu,144,32,3,C,write,0,intel-rapl:1:0,dram,7578.121,1.0001237634569407,31390
cpu,144,32,3,C,read,0,intel-rapl:0,package-1,97281.428,1.0004131300374866,53670
cpu,144,32,3,C,read,0,intel-rapl:1,package-0,84948.024,1.0004131300374866,53670
cpu,144,32,3,C,read,0,intel-rapl:0:0,dram,11290.436,1.0004131300374866,53670
cpu,144,32,3,C,read,0,intel-rapl:1:0,dram,7589.795,1.0004131300374866,53670
cpu,144,32,3,F,idle,0,intel-rapl:0,package-1,52643.054,1.0010527819395065,0
cpu,144,32,3,F,idle,0,intel-rapl:1,package-0,51074.577,1.0010527819395065,0
cpu,144,32,3,F,idle,0,intel-rapl:0:0,dram,7173.711,1.0010527819395065,0
cpu,144,32,3,F,idle,0,intel-rapl:1:0,dram,8492.8,1.0010527819395065,0
cpu,144,32,3,F,write,0,intel-rapl:0,package-1,100242.541,1.0000593746080995,56450
cpu,144,32,3,F,write,0,intel-rapl:1,package-0,89059.037,1.0000593746080995,56450
cpu,144,32,3,F,write,0,intel-rapl:0:0,dram,11769.877,1.0000593746080995,56450
cpu,144,32,3,F,write,0,intel-rapl:1:0,dram,7585.663,1.0000593746080995,56450
cpu,144,32,3,F,read,0,intel-rapl:0,package-1,104932.592,1.000009398907423,64530
cpu,144,32,3,F,read,0,intel-rapl:1,package-0,91462.534,1.000009398907423,64530
cpu,144,32,3,F,read,0,intel-rapl:0:0,dram,11760.758,1.000009398907423,64530
cpu,144,32,3,F,read,0,intel-rapl:1:0,dram,7591.004,1.000009398907423,64530
cpu,144,32,3,E,write,0,intel-rapl:0,package-1,104924.17,1.0000181663781404,56990
cpu,144,32,3,E,write,0,intel-rapl:1,package-0,91604.624,1.0000181663781404,56990
cpu,144,32,3,E,write,0,intel-rapl:0:0,dram,11764.032,1.0000181663781404,56990
cpu,144,32,3,E,write,0,intel-rapl:1:0,dram,7564.764,1.0000181663781404,56990
cpu,144,32,3,E,read,0,intel-rapl:0,package-1,105457.005,1.000390401110053,64560
cpu,144,32,3,E,read,0,intel-rapl:1,package-0,94063.663,1.000390401110053,64560
cpu,144,32,3,E,read,0,intel-rapl:0:0,dram,11752.129,1.000390401110053,64560
cpu,144,32,3,E,read,0,intel-rapl:1:0,dram,7586.352,1.000390401110053,64560
cpu,144,32,3,E,idle,0,intel-rapl:0,package-1,52324.085,1.0010806042701006,0
cpu,144,32,3,E,idle,0,intel-rapl:1,package-0,50731.804,1.0010806042701006,0
cpu,144,32,3,E,idle,0,intel-rapl:0:0,dram,7903.567,1.0010806042701006,0
cpu,144,32,3,E,idle,0,intel-rapl:1:0,dram,8781.083,1.0010806042701006,0
cpu,144,32,3,A,read,0,intel-rapl:0,package-1,101113.755,1.0002485876902938,105420
cpu,144,32,3,A,read,0,intel-rapl:1,package-0,97562.494,1.0002485876902938,105420
cpu,144,32,3,A,read,0,intel-rapl:0:0,dram,11782.806,1.0002485876902938,105420
cpu,144,32,3,A,read,0,intel-rapl:1:0,dram,7570.21,1.0002485876902938,105420
cpu,144,32,3,A,write,0,intel-rapl:0,package-1,105515.782,1.0001460276544094,29170
cpu,144,32,3,A,write,0,intel-rapl:1,package-0,91749.704,1.0001460276544094,29170
cpu,144,32,3,A,write,0,intel-rapl:0:0,dram,11771.1,1.0001460276544094,29170
cpu,144,32,3,A,write,0,intel-rapl:1:0,dram,7580.798,1.0001460276544094,29170
cpu,144,32,3,A,idle,0,intel-rapl:0,package-1,48761.411,1.0010540382936597,0
cpu,144,32,3,A,idle,0,intel-rapl:1,package-0,46071.72,1.0010540382936597,0
cpu,144,32,3,A,idle,0,intel-rapl:0:0,dram,7099.934,1.0010540382936597,0
cpu,144,32,3,A,idle,0,intel-rapl:1:0,dram,8740.248,1.0010540382936597,0
cpu,144,32,3,B,write,0,intel-rapl:0,package-1,100788.866,1.0000288281589746,314600
cpu,144,32,3,B,write,0,intel-rapl:1,package-0,89158.586,1.0000288281589746,314600
cpu,144,32,3,B,write,0,intel-rapl:0:0,dram,11773.274,1.0000288281589746,314600
cpu,144,32,3,B,write,0,intel-rapl:1:0,dram,7587.101,1.0000288281589746,314600
cpu,144,32,3,B,idle,0,intel-rapl:0,package-1,56329.446,1.0010478561744094,0
cpu,144,32,3,B,idle,0,intel-rapl:1,package-0,54873.577,1.0010478561744094,0
cpu,144,32,3,B,idle,0,intel-rapl:0:0,dram,7853.474,1.0010478561744094,0
cpu,144,32,3,B,idle,0,intel-rapl:1:0,dram,8308.283,1.0010478561744094,0
cpu,144,32,3,B,read,0,intel-rapl:0,package-1,101120.591,1.0002020290121436,104700
cpu,144,32,3,B,read,0,intel-rapl:1,package-0,88534.564,1.0002020290121436,104700
cpu,144,32,3,B,read,0,intel-rapl:0:0,dram,11772.493,1.0002020290121436,104700
cpu,144,32,3,B,read,0,intel-rapl:1:0,dram,7585.067,1.0002020290121436,104700
cpu,144,32,3,D,read,0,intel-rapl:0,package-1,104771.765,1.0008340450003743,32850
cpu,144,32,3,D,read,0,intel-rapl:1,package-0,91742.868,1.0008340450003743,32850
cpu,144,32,3,D,read,0,intel-rapl:0:0,dram,11791.848,1.0008340450003743,32850
cpu,144,32,3,D,read,0,intel-rapl:1:0,dram,7592.87,1.0008340450003743,32850
cpu,144,32,3,D,write,0,intel-rapl:0,package-1,105062.048,1.000119410455227,38020
cpu,144,32,3,D,write,0,intel-rapl:1,package-0,91644.419,1.000119410455227,38020
cpu,144,32,3,D,write,0,intel-rapl:0:0,dram,11792.138,1.000119410455227,38020
cpu,144,32,3,D,write,0,intel-rapl:1:0,dram,7598.653,1.000119410455227,38020
cpu,144,32,3,D,idle,0,intel-rapl:0,package-1,59418.61,1.0010618539527059,0
cpu,144,32,3,D,idle,0,intel-rapl:1,package-0,61928.735,1.0010618539527059,0
cpu,144,32,3,D,idle,0,intel-rapl:0:0,dram,6083.938,1.0010618539527059,0
cpu,144,32,3,D,idle,0,intel-rapl:1:0,dram,7634.363,1.0010618539527059,0
cpu,144,32,3,C,write,1,intel-rapl:0,package-1,100866.197,1.000180040486157,38260
cpu,144,32,3,C,write,1,intel-rapl:1,package-0,97061.702,1.000180040486157,38260
cpu,144,32,3,C,write,1,intel-rapl:0:0,dram,11781.352,1.000180040486157,38260
cpu,144,32,3,C,write,1,intel-rapl:1:0,dram,7598.714,1.000180040486157,38260
cpu,144,32,3,C,idle,1,intel-rapl:0,package-1,54753.4,1.001065962947905,0
cpu,144,32,3,C,idle,1,intel-rapl:1,package-0,53092.088,1.001065962947905,0
cpu,144,32,3,C,idle,1,intel-rapl:0:0,dram,7460.418,1.001065962947905,0
cpu,144,32,3,C,idle,1,intel-rapl:1:0,dram,8370.585,1.001065962947905,0
cpu,144,32,3,C,read,1,intel-rapl:0,package-1,101207.993,1.0003655720502138,55020
cpu,144,32,3,C,read,1,intel-rapl:1,package-0,89795.302,1.0003655720502138,55020
cpu,144,32,3,C,read,1,intel-rapl:0:0,dram,11783.478,1.0003655720502138,55020
cpu,144,32,3,C,read,1,intel-rapl:1:0,dram,7584.225,1.0003655720502138,55020
cpu,144,32,3,E,idle,1,intel-rapl:0,package-1,48388.609,1.0010440992191434,0
cpu,144,32,3,E,idle,1,intel-rapl:1,package-0,45666.753,1.0010440992191434,0
cpu,144,32,3,E,idle,1,intel-rapl:0:0,dram,6733.041,1.0010440992191434,0
cpu,144,32,3,E,idle,1,intel-rapl:1:0,dram,8314.678,1.0010440992191434,0
cpu,144,32,3,E,write,1,intel-rapl:0,package-1,100799.058,1.0001287339255214,56350
cpu,144,32,3,E,write,1,intel-rapl:1,package-0,88788.591,1.0001287339255214,56350
cpu,144,32,3,E,write,1,intel-rapl:0:0,dram,11797.004,1.0001287339255214,56350
cpu,144,32,3,E,write,1,intel-rapl:1:0,dram,7576.682,1.0001287339255214,56350
cpu,144,32,3,E,read,1,intel-rapl:0,package-1,105058.203,1.0000696117058396,64590
cpu,144,32,3,E,read,1,intel-rapl:1,package-0,91843.82,1.0000696117058396,64590
cpu,144,32,3,E,read,1,intel-rapl:0:0,dram,11781.26,1.0000696117058396,64590
cpu,144,32,3,E,read,1,intel-rapl:1:0,dram,7582.007,1.0000696117058396,64590
cpu,144,32,3,B,write,1,intel-rapl:0,package-1,105143.285,1.0000201044604182,314300
cpu,144,32,3,B,write,1,intel-rapl:1,package-0,91832.467,1.0000201044604182,314300
cpu,144,32,3,B,write,1,intel-rapl:0:0,dram,11785.575,1.0000201044604182,314300
cpu,144,32,3,B,write,1,intel-rapl:1:0,dram,7582.206,1.0000201044604182,314300
cpu,144,32,3,B,read,1,intel-rapl:0,package-1,105656.773,1.0001536160707474,105510
cpu,144,32,3,B,read,1,intel-rapl:1,package-0,91709.665,1.0001536160707474,105510
cpu,144,32,3,B,read,1,intel-rapl:0:0,dram,11784.917,1.0001536160707474,105510
cpu,144,32,3,B,read,1,intel-rapl:1:0,dram,7580.767,1.0001536160707474,105510
cpu,144,32,3,B,idle,1,intel-rapl:0,package-1,61459.926,1.0010511111468077,0
cpu,144,32,3,B,idle,1,intel-rapl:1,package-0,62080.53,1.0010511111468077,0
cpu,144,32,3,B,idle,1,intel-rapl:0:0,dram,8889.177,1.0010511111468077,0
cpu,144,32,3,B,idle,1,intel-rapl:1:0,dram,8303.876,1.0010511111468077,0
cpu,144,32,3,F,read,1,intel-rapl:0,package-1,101130.417,1.00045997928828,64440
cpu,144,32,3,F,read,1,intel-rapl:1,package-0,92245.797,1.00045997928828,64440
cpu,144,32,3,F,read,1,intel-rapl:0:0,dram,11786.982,1.00045997928828,64440
cpu,144,32,3,F,read,1,intel-rapl:1:0,dram,7574.51,1.00045997928828,64440
cpu,144,32,3,F,write,1,intel-rapl:0,package-1,105081.091,1.0000883135944605,57100
cpu,144,32,3,F,write,1,intel-rapl:1,package-0,102317.487,1.0000883135944605,57100
cpu,144,32,3,F,write,1,intel-rapl:0:0,dram,11782.316,1.0000883135944605,57100
cpu,144,32,3,F,write,1,intel-rapl:1:0,dram,7584.286,1.0000883135944605,57100
cpu,144,32,3,F,idle,1,intel-rapl:0,package-1,54973.126,1.001057873480022,0
cpu,144,32,3,F,idle,1,intel-rapl:1,package-0,53744.43,1.001057873480022,0
cpu,144,32,3,F,idle,1,intel-rapl:0:0,dram,7719.4,1.001057873480022,0
cpu,144,32,3,F,idle,1,intel-rapl:1:0,dram,9660.405,1.001057873480022,0
cpu,144,32,3,D,idle,1,intel-rapl:0,package-1,59353.303,1.0010555302724242,0
cpu,144,32,3,D,idle,1,intel-rapl:1,package-0,58497.287,1.0010555302724242,0
cpu,144,32,3,D,idle,1,intel-rapl:0:0,dram,8631.893,1.0010555302724242,0
cpu,144,32,3,D,idle,1,intel-rapl:1:0,dram,8304.488,1.0010555302724242,0
cpu,144,32,3,D,write,1,intel-rapl:0,package-1,100511.949,1.0001472420990467,38120
cpu,144,32,3,D,write,1,intel-rapl:1,package-0,89497.391,1.0001472420990467,38120
cpu,144,32,3,D,write,1,intel-rapl:0:0,dram,11783.861,1.0001472420990467,38120
cpu,144,32,3,D,write,1,intel-rapl:1:0,dram,7569.032,1.0001472420990467,38120
cpu,144,32,3,D,read,1,intel-rapl:0,package-1,104754.493,1.0004591653123498,32940
cpu,144,32,3,D,read,1,intel-rapl:1,package-0,91851.876,1.0004591653123498,32940
cpu,144,32,3,D,read,1,intel-rapl:0:0,dram,11791.343,1.0004591653123498,32940
cpu,144,32,3,D,read,1,intel-rapl:1:0,dram,7578.886,1.0004591653123498,32940
cpu,144,32,3,G,write,1,intel-rapl:0,package-1,105326.329,1.0002573365345597,21320
cpu,144,32,3,G,write,1,intel-rapl:1,package-0,91895.334,1.0002573365345597,21320
cpu,144,32,3,G,write,1,intel-rapl:0:0,dram,11798.901,1.0002573365345597,21320
cpu,144,32,3,G,write,1,intel-rapl:1:0,dram,7578.564,1.0002573365345597,21320
cpu,144,32,3,G,idle,1,intel-rapl:0,package-1,60308.501,1.0010479437187314,0
cpu,144,32,3,G,idle,1,intel-rapl:1,package-0,61098.293,1.0010479437187314,0
cpu,144,32,3,G,idle,1,intel-rapl:0:0,dram,9191.215,1.0010479437187314,0
cpu,144,32,3,G,idle,1,intel-rapl:1:0,dram,10816.825,1.0010479437187314,0
cpu,144,32,3,G,read,1,intel-rapl:0,package-1,101761.092,1.0000403998419642,104700
cpu,144,32,3,G,read,1,intel-rapl:1,package-0,89380.814,1.0000403998419642,104700
cpu,144,32,3,G,read,1,intel-rapl:0:0,dram,11775.966,1.0000403998419642,104700
cpu,144,32,3,G,read,1,intel-rapl:1:0,dram,7591.065,1.0000403998419642,104700
cpu,144,32,3,A,read,1,intel-rapl:0,package-1,105368.078,1.0000381330028176,104190
cpu,144,32,3,A,read,1,intel-rapl:1,package-0,91586.985,1.0000381330028176,104190
cpu,144,32,3,A,read,1,intel-rapl:0:0,dram,11767.246,1.0000381330028176,104190
cpu,144,32,3,A,read,1,intel-rapl:1:0,dram,7568.221,1.0000381330028176,104190
cpu,144,32,3,A,idle,1,intel-rapl:0,package-1,56871.558,1.0010510049760342,0
cpu,144,32,3,A,idle,1,intel-rapl:1,package-0,55377.544,1.0010510049760342,0
cpu,144,32,3,A,idle,1,intel-rapl:0:0,dram,7615.039,1.0010510049760342,0
cpu,144,32,3,A,idle,1,intel-rapl:1:0,dram,8890.371,1.0010510049760342,0
cpu,144,32,3,A,write,1,intel-rapl:0,package-1,101232.59,1.0000092228874564,28930
cpu,144,32,3,A,write,1,intel-rapl:1,package-0,97905.206,1.0000092228874564,28930
cpu,144,32,3,A,write,1,intel-rapl:0:0,dram,11766.373,1.0000092228874564,28930
cpu,144,32,3,A,write,1,intel-rapl:1:0,dram,7571.144,1.0000092228874564,28930
cpu,144,32,3,A,write,2,intel-rapl:0,package-1,65958.205,1.0001880247145891,21840
cpu,144,32,3,A,write,2,intel-rapl:1,package-0,71855.102,1.0001880247145891,21840
cpu,144,32,3,A,write,2,intel-rapl:0:0,dram,5956.825,1.0001880247145891,21840
cpu,144,32,3,A,write,2,intel-rapl:1:0,dram,7579.268,1.0001880247145891,21840
cpu,144,32,3,A,read,2,intel-rapl:0,package-1,60287.626,1.000118177384138,87270
cpu,144,32,3,A,read,2,intel-rapl:1,package-0,53963.301,1.000118177384138,87270
cpu,144,32,3,A,read,2,intel-rapl:0:0,dram,5956.274,1.000118177384138,87270
cpu,144,32,3,A,read,2,intel-rapl:1:0,dram,7570.088,1.000118177384138,87270
cpu,144,32,3,A,idle,2,intel-rapl:0,package-1,46193.73,1.0010611321777105,0
cpu,144,32,3,A,idle,2,intel-rapl:1,package-0,43265.393,1.0010611321777105,0
cpu,144,32,3,A,idle,2,intel-rapl:0:0,dram,6584.524,1.0010611321777105,0
cpu,144,32,3,A,idle,2,intel-rapl:1:0,dram,9004.112,1.0010611321777105,0
cpu,144,32,3,C,idle,2,intel-rapl:0,package-1,45766.119,1.0010517751798034,0
cpu,144,32,3,C,idle,2,intel-rapl:1,package-0,43070.568,1.0010517751798034,0
cpu,144,32,3,C,idle,2,intel-rapl:0:0,dram,6320.415,1.0010517751798034,0
cpu,144,32,3,C,idle,2,intel-rapl:1:0,dram,7852.618,1.0010517751798034,0
cpu,144,32,3,C,write,2,intel-rapl:0,package-1,60177.702,1.0001059137284756,31750
cpu,144,32,3,C,write,2,intel-rapl:1,package-0,53913.07,1.0001059137284756,31750
cpu,144,32,3,C,write,2,intel-rapl:0:0,dram,5942.887,1.0001059137284756,31750
cpu,144,32,3,C,write,2,intel-rapl:1:0,dram,7576.774,1.0001059137284756,31750
cpu,144,32,3,C,read,2,intel-rapl:0,package-1,100649.339,1.0003171218559146,55290
cpu,144,32,3,C,read,2,intel-rapl:1,package-0,89072.526,1.0003171218559146,55290
cpu,144,32,3,C,read,2,intel-rapl:0:0,dram,11725.476,1.0003171218559146,55290
cpu,144,32,3,C,read,2,intel-rapl:1:0,dram,7582.65,1.0003171218559146,55290
cpu,144,32,3,D,read,2,intel-rapl:0,package-1,104406.532,1.0002710279077291,32820
cpu,144,32,3,D,read,2,intel-rapl:1,package-0,91447.703,1.0002710279077291,32820
cpu,144,32,3,D,read,2,intel-rapl:0:0,dram,11754.164,1.0002710279077291,32820
cpu,144,32,3,D,read,2,intel-rapl:1:0,dram,7591.921,1.0002710279077291,32820
cpu,144,32,3,D,idle,2,intel-rapl:0,package-1,49874.445,1.0010698540136218,0
cpu,144,32,3,D,idle,2,intel-rapl:1,package-0,47153.932,1.0010698540136218,0
cpu,144,32,3,D,idle,2,intel-rapl:0:0,dram,7307.51,1.0010698540136218,0
cpu,144,32,3,D,idle,2,intel-rapl:1:0,dram,7973.855,1.0010698540136218,0
cpu,144,32,3,D,write,2,intel-rapl:0,package-1,100137.439,1.0000499179586768,38050
cpu,144,32,3,D,write,2,intel-rapl:1,package-0,91376.658,1.0000499179586768,38050
cpu,144,32,3,D,write,2,intel-rapl:0:0,dram,11750.813,1.0000499179586768,38050
cpu,144,32,3,D,write,2,intel-rapl:1:0,dram,7568.88,1.0000499179586768,38050
cpu,144,32,3,B,write,2,intel-rapl:0,package-1,104995.276,1.0000045346096158,313570
cpu,144,32,3,B,write,2,intel-rapl:1,package-0,101382.37,1.0000045346096158,313570
cpu,144,32,3,B,write,2,intel-rapl:0:0,dram,11769.112,1.0000045346096158,313570
cpu,144,32,3,B,write,2,intel-rapl:1:0,dram,7574.05,1.0000045346096158,313570
cpu,144,32,3,B,idle,2,intel-rapl:0,package-1,49138.729,1.0010457457974553,0
cpu,144,32,3,B,idle,2,intel-rapl:1,package-0,46653.201,1.0010457457974553,0
cpu,144,32,3,B,idle,2,intel-rapl:0:0,dram,7291.199,1.0010457457974553,0
cpu,144,32,3,B,idle,2,intel-rapl:1:0,dram,8193.9,1.0010457457974553,0
cpu,144,32,3,B,read,2,intel-rapl:0,package-1,101082.505,1.0000109933316708,105840
cpu,144,32,3,B,read,2,intel-rapl:1,package-0,88065.082,1.0000109933316708,105840
cpu,144,32,3,B,read,2,intel-rapl:0:0,dram,11759.58,1.0000109933316708,105840
cpu,144,32,3,B,read,2,intel-rapl:1:0,dram,7580.798,1.0000109933316708,105840
cpu,144,32,3,F,read,2,intel-rapl:0,package-1,105138.159,1.0000258730724454,64650
cpu,144,32,3,F,read,2,intel-rapl:1,package-0,91279.185,1.0000258730724454,64650
cpu,144,32,3,F,read,2,intel-rapl:0:0,dram,11753.062,1.0000258730724454,64650
cpu,144,32,3,F,read,2,intel-rapl:1:0,dram,7585.878,1.0000258730724454,64650
cpu,144,32,3,F,write,2,intel-rapl:0,package-1,105077.734,1.0000456823036075,56900
cpu,144,32,3,F,write,2,intel-rapl:1,package-0,91633.188,1.0000456823036075,56900
cpu,144,32,3,F,write,2,intel-rapl:0:0,dram,11752.71,1.0000456823036075,56900
cpu,144,32,3,F,write,2,intel-rapl:1:0,dram,7599.525,1.0000456823036075,56900
cpu,144,32,3,F,idle,2,intel-rapl:0,package-1,50904.227,1.0010605063289404,0
cpu,144,32,3,F,idle,2,intel-rapl:1,package-0,48622.862,1.0010605063289404,0
cpu,144,32,3,F,idle,2,intel-rapl:0:0,dram,6973.771,1.0010605063289404,0
cpu,144,32,3,F,idle,2,intel-rapl:1:0,dram,8422.069,1.0010605063289404,0
cpu,144,32,3,E,read,2,intel-rapl:0,package-1,100965.379,1.000001666136086,64680
cpu,144,32,3,E,read,2,intel-rapl:1,package-0,88111.59,1.000001666136086,64680
cpu,144,32,3,E,read,2,intel-rapl:0:0,dram,11744.28,1.000001666136086,64680
cpu,144,32,3,E,read,2,intel-rapl:1:0,dram,7576.009,1.000001666136086,64680
cpu,144,32,3,E,write,2,intel-rapl:0,package-1,104897.192,1.0001091258600354,56850
cpu,144,32,3,E,write,2,intel-rapl:1,package-0,91633.799,1.0001091258600354,56850
cpu,144,32,3,E,write,2,intel-rapl:0:0,dram,11752.481,1.0001091258600354,56850
cpu,144,32,3,E,write,2,intel-rapl:1:0,dram,7574.77,1.0001091258600354,56850
cpu,144,32,3,E,idle,2,intel-rapl:0,package-1,55176.494,1.0010603908449411,0
cpu,144,32,3,E,idle,2,intel-rapl:1,package-0,53411.912,1.0010603908449411,0
cpu,144,32,3,E,idle,2,intel-rapl:0:0,dram,8089.11,1.0010603908449411,0
cpu,144,32,3,E,idle,2,intel-rapl:1:0,dram,8639.558,1.0010603908449411,0
cpu,144,32,3,G,read,2,intel-rapl:0,package-1,101081.04,1.0001301132142544,105810
cpu,144,32,3,G,read,2,intel-rapl:1,package-0,94110.904,1.0001301132142544,105810
cpu,144,32,3,G,read,2,intel-rapl:0:0,dram,11743.362,1.0001301132142544,105810
cpu,144,32,3,G,read,2,intel-rapl:1:0,dram,7578.61,1.0001301132142544,105810
cpu,144,32,3,G,write,2,intel-rapl:0,package-1,105439.428,1.0003048600628972,21340
cpu,144,32,3,G,write,2,intel-rapl:1,package-0,102724.285,1.0003048600628972,21340
cpu,144,32,3,G,write,2,intel-rapl:0:0,dram,11766.174,1.0003048600628972,21340
cpu,144,32,3,G,write,2,intel-rapl:1:0,dram,7590.239,1.0003048600628972,21340
cpu,144,32,3,G,idle,2,intel-rapl:0,package-1,57365.698,1.001060520298779,0
cpu,144,32,3,G,idle,2,intel-rapl:1,package-0,57362.28,1.001060520298779,0
cpu,144,32,3,G,idle,2,intel-rapl:0:0,dram,8728.405,1.001060520298779,0
cpu,144,32,3,G,idle,2,intel-rapl:1:0,dram,8581.54,1.001060520298779,0
cpu,144,32,3,D,read,3,intel-rapl:0,package-1,100508.287,1.0001662848517299,32970
cpu,144,32,3,D,read,3,intel-rapl:1,package-0,92520.21,1.0001662848517299,32970
cpu,144,32,3,D,read,3,intel-rapl:0:0,dram,11752.496,1.0001662848517299,32970
cpu,144,32,3,D,read,3,intel-rapl:1:0,dram,7607.237,1.0001662848517299,32970
cpu,144,32,3,D,idle,3,intel-rapl:0,package-1,55854.35,1.0010759243741632,0
cpu,144,32,3,D,idle,3,intel-rapl:1,package-0,55501.383,1.0010759243741632,0
cpu,144,32,3,D,idle,3,intel-rapl:0:0,dram,8432.274,1.0010759243741632,0
cpu,144,32,3,D,idle,3,intel-rapl:1:0,dram,8190.809,1.0010759243741632,0
cpu,144,32,3,D,write,3,intel-rapl:0,package-1,100417.04,1.00023961532861,37970
cpu,144,32,3,D,write,3,intel-rapl:1,package-0,98329.4,1.00023961532861,37970
cpu,144,32,3,D,write,3,intel-rapl:0:0,dram,11762.012,1.00023961532861,37970
cpu,144,32,3,D,write,3,intel-rapl:1:0,dram,7596.389,1.00023961532861,37970
cpu,144,32,3,B,idle,3,intel-rapl:0,package-1,55532.634,1.0010548355057836,0
cpu,144,32,3,B,idle,3,intel-rapl:1,package-0,54930.828,1.0010548355057836,0
cpu,144,32,3,B,idle,3,intel-rapl:0:0,dram,7614.764,1.0010548355057836,0
cpu,144,32,3,B,idle,3,intel-rapl:1:0,dram,8769.287,1.0010548355057836,0
cpu,144,32,3,B,write,3,intel-rapl:0,package-1,100792.1,1.000025331042707,313170
cpu,144,32,3,B,write,3,intel-rapl:1,package-0,98576.042,1.000025331042707,313170
cpu,144,32,3,B,write,3,intel-rapl:0:0,dram,11756.734,1.000025331042707,313170
cpu,144,32,3,B,write,3,intel-rapl:1:0,dram,7607.542,1.000025331042707,313170
cpu,144,32,3,B,read,3,intel-rapl:0,package-1,104999.121,1.0001000249758363,105780
cpu,144,32,3,B,read,3,intel-rapl:1,package-0,92165.291,1.0001000249758363,105780
cpu,144,32,3,B,read,3,intel-rapl:0:0,dram,11766.297,1.0001000249758363,105780
cpu,144,32,3,B,read,3,intel-rapl:1:0,dram,7597.781,1.0001000249758363,105780
cpu,144,32,3,E,idle,3,intel-rapl:0,package-1,54597.578,1.0010540215298533,0
cpu,144,32,3,E,idle,3,intel-rapl:1,package-0,52666.613,1.0010540215298533,0
cpu,144,32,3,E,idle,3,intel-rapl:0:0,dram,8039.308,1.0010540215298533,0
cpu,144,32,3,E,idle,3,intel-rapl:1:0,dram,8919.487,1.0010540215298533,0
cpu,144,32,3,E,write,3,intel-rapl:0,package-1,100515.734,1.0001081861555576,56700
cpu,144,32,3,E,write,3,intel-rapl:1,package-0,93063.91,1.0001081861555576,56700
cpu,144,32,3,E,write,3,intel-rapl:0:0,dram,11752.787,1.0001081861555576,56700
cpu,144,32,3,E,write,3,intel-rapl:1:0,dram,7592.227,1.0001081861555576,56700
cpu,144,32,3,E,read,3,intel-rapl:0,package-1,105259.13,1.0001685684546828,64800
cpu,144,32,3,E,read,3,intel-rapl:1,package-0,102837.383,1.0001685684546828,64800
cpu,144,32,3,E,read,3,intel-rapl:0:0,dram,11752.052,1.0001685684546828,64800
cpu,144,32,3,E,read,3,intel-rapl:1:0,dram,7579.483,1.0001685684546828,64800
cpu,144,32,3,G,read,3,intel-rapl:0,package-1,105025.671,1.000049876049161,105150
cpu,144,32,3,G,read,3,intel-rapl:1,package-0,102339.582,1.000049876049161,105150
cpu,144,32,3,G,read,3,intel-rapl:0:0,dram,11766.052,1.000049876049161,105150
cpu,144,32,3,G,read,3,intel-rapl:1:0,dram,7593.39,1.000049876049161,105150
cpu,144,32,3,G,write,3,intel-rapl:0,package-1,105248.876,1.000061427243054,21210
cpu,144,32,3,G,write,3,intel-rapl:1,package-0,91833.138,1.000061427243054,21210
cpu,144,32,3,G,write,3,intel-rapl:0:0,dram,11776.288,1.000061427243054,21210
cpu,144,32,3,G,write,3,intel-rapl:1:0,dram,7576.254,1.000061427243054,21210
cpu,144,32,3,G,idle,3,intel-rapl:0,package-1,46193.912,1.00103247910738,0
cpu,144,32,3,G,idle,3,intel-rapl:1,package-0,43583.446,1.00103247910738,0
cpu,144,32,3,G,idle,3,intel-rapl:0:0,dram,7014.055,1.00103247910738,0
cpu,144,32,3,G,idle,3,intel-rapl:1:0,dram,9296.662,1.00103247910738,0
cpu,144,32,3,C,idle,3,intel-rapl:0,package-1,45735.784,1.0010466007515788,0
cpu,144,32,3,C,idle,3,intel-rapl:1,package-0,43029.065,1.0010466007515788,0
cpu,144,32,3,C,idle,3,intel-rapl:0:0,dram,7115.143,1.0010466007515788,0
cpu,144,32,3,C,idle,3,intel-rapl:1:0,dram,9666.907,1.0010466007515788,0
cpu,144,32,3,C,read,3,intel-rapl:0,package-1,99184.378,1.0001752823591232,53970
cpu,144,32,3,C,read,3,intel-rapl:1,package-0,88180.072,1.0001752823591232,53970
cpu,144,32,3,C,read,3,intel-rapl:0:0,dram,11752.955,1.0001752823591232,53970
cpu,144,32,3,C,read,3,intel-rapl:1:0,dram,7601.545,1.0001752823591232,53970
cpu,144,32,3,C,write,3,intel-rapl:0,package-1,104604.651,1.0001784730702639,37920
cpu,144,32,3,C,write,3,intel-rapl:1,package-0,91529.734,1.0001784730702639,37920
cpu,144,32,3,C,write,3,intel-rapl:0:0,dram,11758.922,1.0001784730702639,37920
cpu,144,32,3,C,write,3,intel-rapl:1:0,dram,7585.373,1.0001784730702639,37920
cpu,144,32,3,F,read,3,intel-rapl:0,package-1,105070.898,1.0001973677426577,64650
cpu,144,32,3,F,read,3,intel-rapl:1,package-0,91882.272,1.0001973677426577,64650
cpu,144,32,3,F,read,3,intel-rapl:0:0,dram,11728.567,1.0001973677426577,64650
cpu,144,32,3,F,read,3,intel-rapl:1:0,dram,7598.944,1.0001973677426577,64650
cpu,144,32,3,F,idle,3,intel-rapl:0,package-1,46830.935,1.001060496084392,0
cpu,144,32,3,F,idle,3,intel-rapl:1,package-0,43842.295,1.001060496084392,0
cpu,144,32,3,F,idle,3,intel-rapl:0:0,dram,6954.859,1.001060496084392,0
cpu,144,32,3,F,idle,3,intel-rapl:1:0,dram,9073.941,1.001060496084392,0
cpu,144,32,3,F,write,3,intel-rapl:0,package-1,100371.569,1.0001025991514325,56630
cpu,144,32,3,F,write,3,intel-rapl:1,package-0,93055.059,1.0001025991514325,56630
cpu,144,32,3,F,write,3,intel-rapl:0:0,dram,11751.761,1.0001025991514325,56630
cpu,144,32,3,F,write,3,intel-rapl:1:0,dram,7585.358,1.0001025991514325,56630
cpu,144,32,3,A,write,3,intel-rapl:0,package-1,105223.18,1.0001875115558505,29210
cpu,144,32,3,A,write,3,intel-rapl:1,package-0,102605.084,1.0001875115558505,29210
cpu,144,32,3,A,write,3,intel-rapl:0:0,dram,11764.063,1.0001875115558505,29210
cpu,144,32,3,A,write,3,intel-rapl:1:0,dram,7593.528,1.0001875115558505,29210
cpu,144,32,3,A,idle,3,intel-rapl:0,package-1,46833.01,1.0010434808209538,0
cpu,144,32,3,A,idle,3,intel-rapl:1,package-0,44305.551,1.0010434808209538,0
cpu,144,32,3,A,idle,3,intel-rapl:0:0,dram,6810.168,1.0010434808209538,0
cpu,144,32,3,A,idle,3,intel-rapl:1:0,dram,9165.939,1.0010434808209538,0
cpu,144,32,3,A,read,3,intel-rapl:0,package-1,100898.423,1.000082017853856,104820
cpu,144,32,3,A,read,3,intel-rapl:1,package-0,90214.796,1.000082017853856,104820
cpu,144,32,3,A,read,3,intel-rapl:0:0,dram,11761.171,1.000082017853856,104820
cpu,144,32,3,A,read,3,intel-rapl:1:0,dram,7579.864,1.000082017853856,104820
cpu,144,32,3,A,idle,4,intel-rapl:0,package-1,46433.719,1.0010562585666776,0
cpu,144,32,3,A,idle,4,intel-rapl:1,package-0,43888.804,1.0010562585666776,0
cpu,144,32,3,A,idle,4,intel-rapl:0:0,dram,6881.083,1.0010562585666776,0
cpu,144,32,3,A,idle,4,intel-rapl:1:0,dram,8792.482,1.0010562585666776,0
cpu,144,32,3,A,read,4,intel-rapl:0,package-1,101062.73,1.0013569761067629,105030
cpu,144,32,3,A,read,4,intel-rapl:1,package-0,88160.297,1.0013569761067629,105030
cpu,144,32,3,A,read,4,intel-rapl:0:0,dram,11763.252,1.0013569761067629,105030
cpu,144,32,3,A,read,4,intel-rapl:1:0,dram,7588.127,1.0013569761067629,105030
cpu,144,32,3,A,write,4,intel-rapl:0,package-1,105172.46,1.0000433968380094,29360
cpu,144,32,3,A,write,4,intel-rapl:1,package-0,91736.947,1.0000433968380094,29360
cpu,144,32,3,A,write,4,intel-rapl:0:0,dram,11753.72,1.0000433968380094,29360
cpu,144,32,3,A,write,4,intel-rapl:1:0,dram,7567.747,1.0000433968380094,29360
cpu,144,32,3,B,write,4,intel-rapl:0,package-1,105025.915,1.0000118846073747,315350
cpu,144,32,3,B,write,4,intel-rapl:1,package-0,91749.643,1.0000118846073747,315350
cpu,144,32,3,B,write,4,intel-rapl:0:0,dram,11766.419,1.0000118846073747,315350
cpu,144,32,3,B,write,4,intel-rapl:1:0,dram,7582.205,1.0000118846073747,315350
cpu,144,32,3,B,idle,4,intel-rapl:0,package-1,47475.769,1.0010624593123794,0
cpu,144,32,3,B,idle,4,intel-rapl:1,package-0,44972.236,1.0010624593123794,0
cpu,144,32,3,B,idle,4,intel-rapl:0:0,dram,7138.338,1.0010624593123794,0
cpu,144,32,3,B,idle,4,intel-rapl:1:0,dram,10210.976,1.0010624593123794,0
cpu,144,32,3,B,read,4,intel-rapl:0,package-1,101245.835,1.0002150051295757,106860
cpu,144,32,3,B,read,4,intel-rapl:1,package-0,87971.15,1.0002150051295757,106860
cpu,144,32,3,B,read,4,intel-rapl:0:0,dram,11772.156,1.0002150051295757,106860
cpu,144,32,3,B,read,4,intel-rapl:1:0,dram,7581.166,1.0002150051295757,106860
cpu,144,32,3,G,idle,4,intel-rapl:0,package-1,46691.897,1.001060671173036,0
cpu,144,32,3,G,idle,4,intel-rapl:1,package-0,43946.116,1.001060671173036,0
cpu,144,32,3,G,idle,4,intel-rapl:0:0,dram,6713.686,1.001060671173036,0
cpu,144,32,3,G,idle,4,intel-rapl:1:0,dram,9391.844,1.001060671173036,0
cpu,144,32,3,G,write,4,intel-rapl:0,package-1,100662.218,1.0002021845430136,21090
cpu,144,32,3,G,write,4,intel-rapl:1,package-0,98385.491,1.0002021845430136,21090
cpu,144,32,3,G,write,4,intel-rapl:0:0,dram,11766.006,1.0002021845430136,21090
cpu,144,32,3,G,write,4,intel-rapl:1:0,dram,7579.36,1.0002021845430136,21090
cpu,144,32,3,G,read,4,intel-rapl:0,package-1,105215.124,1.0001101242378354,105780
cpu,144,32,3,G,read,4,intel-rapl:1,package-0,102062.055,1.0001101242378354,105780
cpu,144,32,3,G,read,4,intel-rapl:0:0,dram,11768.301,1.0001101242378354,105780
cpu,144,32,3,G,read,4,intel-rapl:1:0,dram,7581.273,1.0001101242378354,105780
cpu,144,32,3,D,read,4,intel-rapl:0,package-1,104681.495,1.0000088615342975,33300
cpu,144,32,3,D,read,4,intel-rapl:1,package-0,91600.657,1.0000088615342975,33300
cpu,144,32,3,D,read,4,intel-rapl:0:0,dram,11767.995,1.0000088615342975,33300
cpu,144,32,3,D,read,4,intel-rapl:1:0,dram,7578.243,1.0000088615342975,33300
cpu,144,32,3,D,idle,4,intel-rapl:0,package-1,46868.715,1.0010596979409456,0
cpu,144,32,3,D,idle,4,intel-rapl:1,package-0,44087.533,1.0010596979409456,0
cpu,144,32,3,D,idle,4,intel-rapl:0:0,dram,6089.415,1.0010596979409456,0
cpu,144,32,3,D,idle,4,intel-rapl:1:0,dram,8196.546,1.0010596979409456,0
cpu,144,32,3,D,write,4,intel-rapl:0,package-1,100514.208,1.0001595243811607,38390
cpu,144,32,3,D,write,4,intel-rapl:1,package-0,90542.798,1.0001595243811607,38390
cpu,144,32,3,D,write,4,intel-rapl:0:0,dram,11770.443,1.0001595243811607,38390
cpu,144,32,3,D,write,4,intel-rapl:1:0,dram,7581.089,1.0001595243811607,38390
cpu,144,32,3,F,idle,4,intel-rapl:0,package-1,49200.863,1.0010479325428605,0
cpu,144,32,3,F,idle,4,intel-rapl:1,package-0,46473.819,1.0010479325428605,0
cpu,144,32,3,F,idle,4,intel-rapl:0:0,dram,6716.303,1.0010479325428605,0
cpu,144,32,3,F,idle,4,intel-rapl:1:0,dram,8104.349,1.0010479325428605,0
cpu,144,32,3,F,write,4,intel-rapl:0,package-1,100618.212,1.0000954000279307,56460
cpu,144,32,3,F,write,4,intel-rapl:1,package-0,87981.037,1.0000954000279307,56460
cpu,144,32,3,F,write,4,intel-rapl:0:0,dram,11768.301,1.0000954000279307,56460
cpu,144,32,3,F,write,4,intel-rapl:1:0,dram,7584.409,1.0000954000279307,56460
cpu,144,32,3,F,read,4,intel-rapl:0,package-1,104943.09,1.000444539822638,64530
cpu,144,32,3,F,read,4,intel-rapl:1,package-0,91651.804,1.000444539822638,64530
cpu,144,32,3,F,read,4,intel-rapl:0:0,dram,11774.283,1.000444539822638,64530
cpu,144,32,3,F,read,4,intel-rapl:1:0,dram,7585.327,1.000444539822638,64530
cpu,144,32,3,E,idle,4,intel-rapl:0,package-1,46959.352,1.001060607843101,0
cpu,144,32,3,E,idle,4,intel-rapl:1,package-0,44270.273,1.001060607843101,0
cpu,144,32,3,E,idle,4,intel-rapl:0:0,dram,6642.587,1.001060607843101,0
cpu,144,32,3,E,idle,4,intel-rapl:1:0,dram,8484.493,1.001060607843101,0
cpu,144,32,3,E,write,4,intel-rapl:0,package-1,100405.444,1.0000744014978409,56700
cpu,144,32,3,E,write,4,intel-rapl:1,package-0,92192.086,1.0000744014978409,56700
cpu,144,32,3,E,write,4,intel-rapl:0:0,dram,11762.747,1.0000744014978409,56700
cpu,144,32,3,E,write,4,intel-rapl:1:0,dram,7587.653,1.0000744014978409,56700
cpu,144,32,3,E,read,4,intel-rapl:0,package-1,105029.943,1.0003816979005933,64920
cpu,144,32,3,E,read,4,intel-rapl:1,package-0,102693.524,1.0003816979005933,64920
cpu,144,32,3,E,read,4,intel-rapl:0:0,dram,11758.249,1.0003816979005933,64920
cpu,144,32,3,E,read,4,intel-rapl:1:0,dram,7594.996,1.0003816979005933,64920
cpu,144,32,3,C,read,4,intel-rapl:0,package-1,104939.673,1.0000060945749283,54570
cpu,144,32,3,C,read,4,intel-rapl:1,package-0,102335.248,1.0000060945749283,54570
cpu,144,32,3,C,read,4,intel-rapl:0:0,dram,11758.448,1.0000060945749283,54570
cpu,144,32,3,C,read,4,intel-rapl:1:0,dram,7558.613,1.0000060945749283,54570
cpu,144,32,3,C,write,4,intel-rapl:0,package-1,104845.191,1.0002623358741403,38140
cpu,144,32,3,C,write,4,intel-rapl:1,package-0,91929.757,1.0002623358741403,38140
cpu,144,32,3,C,write,4,intel-rapl:0:0,dram,11766.786,1.0002623358741403,38140
cpu,144,32,3,C,write,4,intel-rapl:1:0,dram,7581.854,1.0002623358741403,38140
cpu,144,32,3,C,idle,4,intel-rapl:0,package-1,47142.518,1.0010776594281197,0
cpu,144,32,3,C,idle,4,intel-rapl:1,package-0,44619.454,1.0010776594281197,0
cpu,144,32,3,C,idle,4,intel-rapl:0:0,dram,6099.621,1.0010776594281197,0
cpu,144,32,3,C,idle,4,intel-rapl:1:0,dram,8742.451,1.0010776594281197,0
cpu,2304,32,3,F,idle,0,intel-rapl:0,package-1,48878.659,1.001037485897541,0
cpu,2304,32,3,F,idle,0,intel-rapl:1,package-0,46301.761,1.001037485897541,0
cpu,2304,32,3,F,idle,0,intel-rapl:0:0,dram,6122.937,1.001037485897541,0
cpu,2304,32,3,F,idle,0,intel-rapl:1:0,dram,8612.339,1.001037485897541,0
cpu,2304,32,3,F,read,0,intel-rapl:0,package-1,100024.402,1.003175145946443,8340
cpu,2304,32,3,F,read,0,intel-rapl:1,package-0,86103.174,1.003175145946443,8340
cpu,2304,32,3,F,read,0,intel-rapl:0:0,dram,11807.653,1.003175145946443,8340
cpu,2304,32,3,F,read,0,intel-rapl:1:0,dram,7617.656,1.003175145946443,8340
cpu,2304,32,3,F,write,0,intel-rapl:0,package-1,108209.562,1.0002395156770945,7930
cpu,2304,32,3,F,write,0,intel-rapl:1,package-0,91832.223,1.0002395156770945,7930
cpu,2304,32,3,F,write,0,intel-rapl:0:0,dram,11755.327,1.0002395156770945,7930
cpu,2304,32,3,F,write,0,intel-rapl:1:0,dram,7588.31,1.0002395156770945,7930
cpu,2304,32,3,C,idle,0,intel-rapl:0,package-1,58889.619,1.001060332171619,0
cpu,2304,32,3,C,idle,0,intel-rapl:1,package-0,59845.367,1.001060332171619,0
cpu,2304,32,3,C,idle,0,intel-rapl:0:0,dram,5957.545,1.001060332171619,0
cpu,2304,32,3,C,idle,0,intel-rapl:1:0,dram,7603.412,1.001060332171619,0
cpu,2304,32,3,C,write,0,intel-rapl:0,package-1,101178.513,1.000225561670959,9420
cpu,2304,32,3,C,write,0,intel-rapl:1,package-0,88237.445,1.000225561670959,9420
cpu,2304,32,3,C,write,0,intel-rapl:0:0,dram,11741.923,1.000225561670959,9420
cpu,2304,32,3,C,write,0,intel-rapl:1:0,dram,7602.799,1.000225561670959,9420
cpu,2304,32,3,C,read,0,intel-rapl:0,package-1,107807.159,1.001487696543336,7200
cpu,2304,32,3,C,read,0,intel-rapl:1,package-0,95637.878,1.001487696543336,7200
cpu,2304,32,3,C,read,0,intel-rapl:0:0,dram,11796.576,1.001487696543336,7200
cpu,2304,32,3,C,read,0,intel-rapl:1:0,dram,7596.251,1.001487696543336,7200
cpu,2304,32,3,D,write,0,intel-rapl:0,package-1,105398.35,1.000577331520617,8960
cpu,2304,32,3,D,write,0,intel-rapl:1,package-0,103053.019,1.000577331520617,8960
cpu,2304,32,3,D,write,0,intel-rapl:0:0,dram,11773.686,1.000577331520617,8960
cpu,2304,32,3,D,write,0,intel-rapl:1:0,dram,7577.875,1.000577331520617,8960
cpu,2304,32,3,D,idle,0,intel-rapl:0,package-1,47333.803,1.0010604774579406,0
cpu,2304,32,3,D,idle,0,intel-rapl:1,package-0,44943.123,1.0010604774579406,0
cpu,2304,32,3,D,idle,0,intel-rapl:0:0,dram,7192.254,1.0010604774579406,0
cpu,2304,32,3,D,idle,0,intel-rapl:1:0,dram,8925.852,1.0010604774579406,0
cpu,2304,32,3,D,read,0,intel-rapl:0,package-1,101840.681,1.0060228919610381,3630
cpu,2304,32,3,D,read,0,intel-rapl:1,package-0,88674.76,1.0060228919610381,3630
cpu,2304,32,3,D,read,0,intel-rapl:0:0,dram,11820.719,1.0060228919610381,3630
cpu,2304,32,3,D,read,0,intel-rapl:1:0,dram,7630.355,1.0060228919610381,3630
cpu,2304,32,3,A,read,0,intel-rapl:0,package-1,109404.811,1.0001155538484454,18750
cpu,2304,32,3,A,read,0,intel-rapl:1,package-0,91446.665,1.0001155538484454,18750
cpu,2304,32,3,A,read,0,intel-rapl:0:0,dram,11761.554,1.0001155538484454,18750
cpu,2304,32,3,A,read,0,intel-rapl:1:0,dram,7575.427,1.0001155538484454,18750
cpu,2304,32,3,A,write,0,intel-rapl:0,package-1,107100.128,1.000497778877616,4140
cpu,2304,32,3,A,write,0,intel-rapl:1,package-0,91793.528,1.000497778877616,4140
cpu,2304,32,3,A,write,0,intel-rapl:0:0,dram,11756.948,1.000497778877616,4140
cpu,2304,32,3,A,write,0,intel-rapl:1:0,dram,7587.76,1.000497778877616,4140
cpu,2304,32,3,A,idle,0,intel-rapl:0,package-1,48156.92,1.0010461173951626,0
cpu,2304,32,3,A,idle,0,intel-rapl:1,package-0,45524.053,1.0010461173951626,0
cpu,2304,32,3,A,idle,0,intel-rapl:0:0,dram,6565.506,1.0010461173951626,0
cpu,2304,32,3,A,idle,0,intel-rapl:1:0,dram,8328.601,1.0010461173951626,0
cpu,2304,32,3,E,read,0,intel-rapl:0,package-1,103525.553,1.0007901974022388,8730
cpu,2304,32,3,E,read,0,intel-rapl:1,package-0,88017.963,1.0007901974022388,8730
cpu,2304,32,3,E,read,0,intel-rapl:0:0,dram,11769.541,1.0007901974022388,8730
cpu,2304,32,3,E,read,0,intel-rapl:1:0,dram,7584.623,1.0007901974022388,8730
cpu,2304,32,3,E,write,0,intel-rapl:0,package-1,105277.623,1.000954395160079,7930
cpu,2304,32,3,E,write,0,intel-rapl:1,package-0,91856.332,1.000954395160079,7930
cpu,2304,32,3,E,write,0,intel-rapl:0:0,dram,11773.87,1.000954395160079,7930
cpu,2304,32,3,E,write,0,intel-rapl:1:0,dram,7592.12,1.000954395160079,7930
cpu,2304,32,3,E,idle,0,intel-rapl:0,package-1,48079.162,1.0010552546009421,0
cpu,2304,32,3,E,idle,0,intel-rapl:1,package-0,45226.996,1.0010552546009421,0
cpu,2304,32,3,E,idle,0,intel-rapl:0:0,dram,6922.592,1.0010552546009421,0
cpu,2304,32,3,E,idle,0,intel-rapl:1:0,dram,8911.01,1.0010552546009421,0
cpu,2304,32,3,G,read,0,intel-rapl:0,package-1,104987.952,1.001476353034377,17940
cpu,2304,32,3,G,read,0,intel-rapl:1,package-0,93622.625,1.001476353034377,17940
cpu,2304,32,3,G,read,0,intel-rapl:0:0,dram,11774.864,1.001476353034377,17940
cpu,2304,32,3,G,read,0,intel-rapl:1:0,dram,7603.443,1.001476353034377,17940
cpu,2304,32,3,G,write,0,intel-rapl:0,package-1,106209.811,1.0003126058727503,3340
cpu,2304,32,3,G,write,0,intel-rapl:1,package-0,102813.152,1.0003126058727503,3340
cpu,2304,32,3,G,write,0,intel-rapl:0:0,dram,11771.775,1.0003126058727503,3340
cpu,2304,32,3,G,write,0,intel-rapl:1:0,dram,7597.612,1.0003126058727503,3340
cpu,2304,32,3,G,idle,0,intel-rapl:0,package-1,47195.741,1.001046136021614,0
cpu,2304,32,3,G,idle,0,intel-rapl:1,package-0,44826.301,1.001046136021614,0
cpu,2304,32,3,G,idle,0,intel-rapl:0:0,dram,6839.972,1.001046136021614,0
cpu,2304,32,3,G,idle,0,intel-rapl:1:0,dram,8965.387,1.001046136021614,0
cpu,2304,32,3,B,write,0,intel-rapl:0,package-1,102750.652,1.0000634146854281,98180
cpu,2304,32,3,B,write,0,intel-rapl:1,package-0,91992.684,1.0000634146854281,98180
cpu,2304,32,3,B,write,0,intel-rapl:0:0,dram,11756.734,1.0000634146854281,98180
cpu,2304,32,3,B,write,0,intel-rapl:1:0,dram,7570.363,1.0000634146854281,98180
cpu,2304,32,3,B,idle,0,intel-rapl:0,package-1,47671.326,1.0010525677353144,0
cpu,2304,32,3,B,idle,0,intel-rapl:1,package-0,45423.346,1.0010525677353144,0
cpu,2304,32,3,B,idle,0,intel-rapl:0:0,dram,6785.795,1.0010525677353144,0
cpu,2304,32,3,B,idle,0,intel-rapl:1:0,dram,9458.629,1.0010525677353144,0
cpu,2304,32,3,B,read,0,intel-rapl:0,package-1,105066.443,1.0011725639924407,18300
cpu,2304,32,3,B,read,0,intel-rapl:1,package-0,98234.245,1.0011725639924407,18300
cpu,2304,32,3,B,read,0,intel-rapl:0:0,dram,11758.678,1.0011725639924407,18300
cpu,2304,32,3,B,read,0,intel-rapl:1:0,dram,7568.053,1.0011725639924407,18300
cpu,2304,32,3,G,write,1,intel-rapl:0,package-1,106718.782,1.0023254938423634,3360
cpu,2304,32,3,G,write,1,intel-rapl:1,package-0,103006.999,1.0023254938423634,3360
cpu,2304,32,3,G,write,1,intel-rapl:0:0,dram,11779.96,1.0023254938423634,3360
cpu,2304,32,3,G,write,1,intel-rapl:1:0,dram,7602.478,1.0023254938423634,3360
cpu,2304,32,3,G,read,1,intel-rapl:0,package-1,109770.226,1.001076559536159,18780
cpu,2304,32,3,G,read,1,intel-rapl:1,package-0,103120.525,1.001076559536159,18780
cpu,2304,32,3,G,read,1,intel-rapl:0:0,dram,11778.093,1.001076559536159,18780
cpu,2304,32,3,G,read,1,intel-rapl:1:0,dram,7592.396,1.001076559536159,18780
cpu,2304,32,3,G,idle,1,intel-rapl:0,package-1,47535.401,1.0010535521432757,0
cpu,2304,32,3,G,idle,1,intel-rapl:1,package-0,45291.693,1.0010535521432757,0
cpu,2304,32,3,G,idle,1,intel-rapl:0:0,dram,7062.113,1.0010535521432757,0
cpu,2304,32,3,G,idle,1,intel-rapl:1:0,dram,8417.968,1.0010535521432757,0
cpu,2304,32,3,E,idle,1,intel-rapl:0,package-1,47185.487,1.0010532401502132,0
cpu,2304,32,3,E,idle,1,intel-rapl:1,package-0,44828.743,1.0010532401502132,0
cpu,2304,32,3,E,idle,1,intel-rapl:0:0,dram,6889.314,1.0010532401502132,0
cpu,2304,32,3,E,idle,1,intel-rapl:1:0,dram,9691.862,1.0010532401502132,0
cpu,2304,32,3,E,write,1,intel-rapl:0,package-1,100903.062,1.0005490677431226,7840
cpu,2304,32,3,E,write,1,intel-rapl:1,package-0,97878.411,1.0005490677431226,7840
cpu,2304,32,3,E,write,1,intel-rapl:0:0,dram,11764.736,1.0005490677431226,7840
cpu,2304,32,3,E,write,1,intel-rapl:1:0,dram,7588.738,1.0005490677431226,7840
cpu,2304,32,3,E,read,1,intel-rapl:0,package-1,107949.37,1.0021353662014008,8970
cpu,2304,32,3,E,read,1,intel-rapl:1,package-0,103062.786,1.0021353662014008,8970
cpu,2304,32,3,E,read,1,intel-rapl:0:0,dram,11772.968,1.0021353662014008,8970
cpu,2304,32,3,E,read,1,intel-rapl:1:0,dram,7612.286,1.0021353662014008,8970
cpu,2304,32,3,B,idle,1,intel-rapl:0,package-1,48534.178,1.0010583736002445,0
cpu,2304,32,3,B,idle,1,intel-rapl:1,package-0,46440.067,1.0010583736002445,0
cpu,2304,32,3,B,idle,1,intel-rapl:0:0,dram,7035.889,1.0010583736002445,0
cpu,2304,32,3,B,idle,1,intel-rapl:1:0,dram,9733.447,1.0010583736002445,0
cpu,2304,32,3,B,read,1,intel-rapl:0,package-1,105226.537,1.001142936758697,18480
cpu,2304,32,3,B,read,1,intel-rapl:1,package-0,98393.974,1.001142936758697,18480
cpu,2304,32,3,B,read,1,intel-rapl:0:0,dram,11778.399,1.001142936758697,18480
cpu,2304,32,3,B,read,1,intel-rapl:1:0,dram,7586.597,1.001142936758697,18480
cpu,2304,32,3,B,write,1,intel-rapl:0,package-1,106754.609,1.0000376300886273,100950
cpu,2304,32,3,B,write,1,intel-rapl:1,package-0,102901.043,1.0000376300886273,100950
cpu,2304,32,3,B,write,1,intel-rapl:0:0,dram,11748.028,1.0000376300886273,100950
cpu,2304,32,3,B,write,1,intel-rapl:1:0,dram,7585.021,1.0000376300886273,100950
cpu,2304,32,3,D,idle,1,intel-rapl:0,package-1,47566.956,1.001041904091835,0
cpu,2304,32,3,D,idle,1,intel-rapl:1,package-0,45212.042,1.001041904091835,0
cpu,2304,32,3,D,idle,1,intel-rapl:0:0,dram,6771.612,1.001041904091835,0
cpu,2304,32,3,D,idle,1,intel-rapl:1:0,dram,8947.868,1.001041904091835,0
cpu,2304,32,3,D,write,1,intel-rapl:0,package-1,100765.0,1.0004236521199346,8910
cpu,2304,32,3,D,write,1,intel-rapl:1,package-0,98526.481,1.0004236521199346,8910
cpu,2304,32,3,D,write,1,intel-rapl:0:0,dram,11761.416,1.0004236521199346,8910
cpu,2304,32,3,D,write,1,intel-rapl:1:0,dram,7582.298,1.0004236521199346,8910
cpu,2304,32,3,D,read,1,intel-rapl:0,package-1,106118.747,1.0070473244413733,3630
cpu,2304,32,3,D,read,1,intel-rapl:1,package-0,103366.313,1.0070473244413733,3630
cpu,2304,32,3,D,read,1,intel-rapl:0:0,dram,11836.6,1.0070473244413733,3630
cpu,2304,32,3,D,read,1,intel-rapl:1:0,dram,7626.224,1.0070473244413733,3630
cpu,2304,32,3,A,idle,1,intel-rapl:0,package-1,47272.645,1.0010602995753288,0
cpu,2304,32,3,A,idle,1,intel-rapl:1,package-0,44840.522,1.0010602995753288,0
cpu,2304,32,3,A,idle,1,intel-rapl:0:0,dram,6994.395,1.0010602995753288,0
cpu,2304,32,3,A,idle,1,intel-rapl:1:0,dram,8868.584,1.0010602995753288,0
cpu,2304,32,3,A,write,1,intel-rapl:0,package-1,102858.99,1.0002622473984957,4210
cpu,2304,32,3,A,write,1,intel-rapl:1,package-0,98175.713,1.0002622473984957,4210
cpu,2304,32,3,A,write,1,intel-rapl:0:0,dram,11768.714,1.0002622473984957,4210
cpu,2304,32,3,A,write,1,intel-rapl:1:0,dram,7574.204,1.0002622473984957,4210
cpu,2304,32,3,A,read,1,intel-rapl:0,package-1,109524.561,1.0012063076719642,18780
cpu,2304,32,3,A,read,1,intel-rapl:1,package-0,102751.385,1.0012063076719642,18780
cpu,2304,32,3,A,read,1,intel-rapl:0:0,dram,11766.343,1.0012063076719642,18780
cpu,2304,32,3,A,read,1,intel-rapl:1:0,dram,7589.672,1.0012063076719642,18780
cpu,2304,32,3,F,idle,1,intel-rapl:0,package-1,47621.887,1.001061625778675,0
cpu,2304,32,3,F,idle,1,intel-rapl:1,package-0,45111.03,1.001061625778675,0
cpu,2304,32,3,F,idle,1,intel-rapl:0:0,dram,6801.156,1.001061625778675,0
cpu,2304,32,3,F,idle,1,intel-rapl:1:0,dram,8720.771,1.001061625778675,0
cpu,2304,32,3,F,write,1,intel-rapl:0,package-1,100996.69,1.0002248426899314,7900
cpu,2304,32,3,F,write,1,intel-rapl:1,package-0,98250.054,1.0002248426899314,7900
cpu,2304,32,3,F,write,1,intel-rapl:0:0,dram,11769.081,1.0002248426899314,7900
cpu,2304,32,3,F,write,1,intel-rapl:1:0,dram,7574.28,1.0002248426899314,7900
cpu,2304,32,3,F,read,1,intel-rapl:0,package-1,108024.87,1.0021299310028553,9000
cpu,2304,32,3,F,read,1,intel-rapl:1,package-0,102837.871,1.0021299310028553,9000
cpu,2304,32,3,F,read,1,intel-rapl:0:0,dram,11784.963,1.0021299310028553,9000
cpu,2304,32,3,F,read,1,intel-rapl:1:0,dram,7585.908,1.0021299310028553,9000
cpu,2304,32,3,C,read,1,intel-rapl:0,package-1,107802.519,1.002798106521368,7260
cpu,2304,32,3,C,read,1,intel-rapl:1,package-0,103254.496,1.002798106521368,7260
cpu,2304,32,3,C,read,1,intel-rapl:0:0,dram,11797.034,1.002798106521368,7260
cpu,2304,32,3,C,read,1,intel-rapl:1:0,dram,7594.644,1.002798106521368,7260
cpu,2304,32,3,C,idle,1,intel-rapl:0,package-1,47950.561,1.0010542273521423,0
cpu,2304,32,3,C,idle,1,intel-rapl:1,package-0,45651.495,1.0010542273521423,0
cpu,2304,32,3,C,idle,1,intel-rapl:0:0,dram,7002.428,1.0010542273521423,0
cpu,2304,32,3,C,idle,1,intel-rapl:1:0,dram,8082.149,1.0010542273521423,0
cpu,2304,32,3,C,write,1,intel-rapl:0,package-1,100902.146,1.000496561639011,8960
cpu,2304,32,3,C,write,1,intel-rapl:1,package-0,98193.84,1.000496561639011,8960
cpu,2304,32,3,C,write,1,intel-rapl:0:0,dram,11752.634,1.000496561639011,8960
cpu,2304,32,3,C,write,1,intel-rapl:1:0,dram,7580.737,1.000496561639011,8960
cpu,2304,32,3,A,idle,2,intel-rapl:0,package-1,49022.519,1.001048170030117,0
cpu,2304,32,3,A,idle,2,intel-rapl:1,package-0,46925.6,1.001048170030117,0
cpu,2304,32,3,A,idle,2,intel-rapl:0:0,dram,7132.202,1.001048170030117,0
cpu,2304,32,3,A,idle,2,intel-rapl:1:0,dram,8007.163,1.001048170030117,0
cpu,2304,32,3,A,read,2,intel-rapl:0,package-1,105098.18,1.0013677207753062,18150
cpu,2304,32,3,A,read,2,intel-rapl:1,package-0,98600.09,1.0013677207753062,18150
cpu,2304,32,3,A,read,2,intel-rapl:0:0,dram,11787.64,1.0013677207753062,18150
cpu,2304,32,3,A,read,2,intel-rapl:1:0,dram,7590.774,1.0013677207753062,18150
cpu,2304,32,3,A,write,2,intel-rapl:0,package-1,107176.545,1.0014163302257657,4220
cpu,2304,32,3,A,write,2,intel-rapl:1,package-0,102880.657,1.0014163302257657,4220
cpu,2304,32,3,A,write,2,intel-rapl:0:0,dram,11787.885,1.0014163302257657,4220
cpu,2304,32,3,A,write,2,intel-rapl:1:0,dram,7596.205,1.0014163302257657,4220
cpu,2304,32,3,B,read,2,intel-rapl:0,package-1,109469.263,1.001295299269259,18990
cpu,2304,32,3,B,read,2,intel-rapl:1,package-0,102905.254,1.001295299269259,18990
cpu,2304,32,3,B,read,2,intel-rapl:0:0,dram,11776.808,1.001295299269259,18990
cpu,2304,32,3,B,read,2,intel-rapl:1:0,dram,7582.389,1.001295299269259,18990
cpu,2304,32,3,B,idle,2,intel-rapl:0,package-1,47752.136,1.0010513002052903,0
cpu,2304,32,3,B,idle,2,intel-rapl:1,package-0,45454.901,1.0010513002052903,0
cpu,2304,32,3,B,idle,2,intel-rapl:0:0,dram,6637.109,1.0010513002052903,0
cpu,2304,32,3,B,idle,2,intel-rapl:1:0,dram,8296.762,1.0010513002052903,0
cpu,2304,32,3,B,write,2,intel-rapl:0,package-1,102659.222,1.0000079469755292,98520
cpu,2304,32,3,B,write,2,intel-rapl:1,package-0,98546.073,1.0000079469755292,98520
cpu,2304,32,3,B,write,2,intel-rapl:0:0,dram,11768.898,1.0000079469755292,98520
cpu,2304,32,3,B,write,2,intel-rapl:1:0,dram,7570.746,1.0000079469755292,98520
cpu,2304,32,3,G,idle,2,intel-rapl:0,package-1,47291.688,1.0010588793084025,0
cpu,2304,32,3,G,idle,2,intel-rapl:1,package-0,44821.907,1.0010588793084025,0
cpu,2304,32,3,G,idle,2,intel-rapl:0:0,dram,6040.379,1.0010588793084025,0
cpu,2304,32,3,G,idle,2,intel-rapl:1:0,dram,9986.968,1.0010588793084025,0
cpu,2304,32,3,G,write,2,intel-rapl:0,package-1,101901.106,1.0011664545163512,3360
cpu,2304,32,3,G,write,2,intel-rapl:1,package-0,98083.367,1.0011664545163512,3360
cpu,2304,32,3,G,write,2,intel-rapl:0:0,dram,11768.867,1.0011664545163512,3360
cpu,2304,32,3,G,write,2,intel-rapl:1:0,dram,7613.908,1.0011664545163512,3360
cpu,2304,32,3,G,read,2,intel-rapl:0,package-1,109775.232,1.0013427883386612,18240
cpu,2304,32,3,G,read,2,intel-rapl:1,package-0,102891.46,1.0013427883386612,18240
cpu,2304,32,3,G,read,2,intel-rapl:0:0,dram,11778.72,1.0013427883386612,18240
cpu,2304,32,3,G,read,2,intel-rapl:1:0,dram,7596.634,1.0013427883386612,18240
cpu,2304,32,3,F,write,2,intel-rapl:0,package-1,105509.373,1.0011129695922136,8020
cpu,2304,32,3,F,write,2,intel-rapl:1,package-0,102867.412,1.0011129695922136,8020
cpu,2304,32,3,F,write,2,intel-rapl:0:0,dram,11780.694,1.0011129695922136,8020
cpu,2304,32,3,F,write,2,intel-rapl:1:0,dram,7589.396,1.0011129695922136,8020
cpu,2304,32,3,F,idle,2,intel-rapl:0,package-1,51594.412,1.001057656481862,0
cpu,2304,32,3,F,idle,2,intel-rapl:1,package-0,53202.806,1.001057656481862,0
cpu,2304,32,3,F,idle,2,intel-rapl:0:0,dram,6421.104,1.001057656481862,0
cpu,2304,32,3,F,idle,2,intel-rapl:1:0,dram,8727.013,1.001057656481862,0
cpu,2304,32,3,F,read,2,intel-rapl:0,package-1,103384.378,1.0013300329446793,8730
cpu,2304,32,3,F,read,2,intel-rapl:1,package-0,98524.711,1.0013300329446793,8730
cpu,2304,32,3,F,read,2,intel-rapl:0:0,dram,11762.074,1.0013300329446793,8730
cpu,2304,32,3,F,read,2,intel-rapl:1:0,dram,7610.816,1.0013300329446793,8730
cpu,2304,32,3,C,write,2,intel-rapl:0,package-1,105176.976,1.000805783085525,9070
cpu,2304,32,3,C,write,2,intel-rapl:1,package-0,102882.183,1.000805783085525,9070
cpu,2304,32,3,C,write,2,intel-rapl:0:0,dram,11776.594,1.000805783085525,9070
cpu,2304,32,3,C,write,2,intel-rapl:1:0,dram,7602.646,1.000805783085525,9070
cpu,2304,32,3,C,read,2,intel-rapl:0,package-1,107977.141,1.003694798797369,7260
cpu,2304,32,3,C,read,2,intel-rapl:1,package-0,103137.187,1.003694798797369,7260
cpu,2304,32,3,C,read,2,intel-rapl:0:0,dram,11803.552,1.003694798797369,7260
cpu,2304,32,3,C,read,2,intel-rapl:1:0,dram,7636.704,1.003694798797369,7260
cpu,2304,32,3,C,idle,2,intel-rapl:0,package-1,47039.613,1.0010461127385497,0
cpu,2304,32,3,C,idle,2,intel-rapl:1,package-0,44545.845,1.0010461127385497,0
cpu,2304,32,3,C,idle,2,intel-rapl:0:0,dram,6496.456,1.0010461127385497,0
cpu,2304,32,3,C,idle,2,intel-rapl:1:0,dram,8807.047,1.0010461127385497,0
cpu,2304,32,3,D,read,2,intel-rapl:0,package-1,101369.126,1.0043117953464389,3630
cpu,2304,32,3,D,read,2,intel-rapl:1,package-0,99174.246,1.0043117953464389,3630
cpu,2304,32,3,D,read,2,intel-rapl:0:0,dram,11801.885,1.0043117953464389,3630
cpu,2304,32,3,D,read,2,intel-rapl:1:0,dram,7609.364,1.0043117953464389,3630
cpu,2304,32,3,D,write,2,intel-rapl:0,package-1,105409.276,1.0009034099057317,9030
cpu,2304,32,3,D,write,2,intel-rapl:1,package-0,103000.957,1.0009034099057317,9030
cpu,2304,32,3,D,write,2,intel-rapl:0:0,dram,11764.981,1.0009034099057317,9030
cpu,2304,32,3,D,write,2,intel-rapl:1:0,dram,7590.07,1.0009034099057317,9030
cpu,2304,32,3,D,idle,2,intel-rapl:0,package-1,48587.583,1.0010588066652417,0
cpu,2304,32,3,D,idle,2,intel-rapl:1,package-0,46140.446,1.0010588066652417,0
cpu,2304,32,3,D,idle,2,intel-rapl:0:0,dram,6347.833,1.0010588066652417,0
cpu,2304,32,3,D,idle,2,intel-rapl:1:0,dram,9072.411,1.0010588066652417,0
cpu,2304,32,3,E,read,2,intel-rapl:0,package-1,103611.674,1.0013487171381712,8610
cpu,2304,32,3,E,read,2,intel-rapl:1,package-0,98371.758,1.0013487171381712,8610
cpu,2304,32,3,E,read,2,intel-rapl:0:0,dram,11767.138,1.0013487171381712,8610
cpu,2304,32,3,E,read,2,intel-rapl:1:0,dram,7584.409,1.0013487171381712,8610
cpu,2304,32,3,E,idle,2,intel-rapl:0,package-1,48474.851,1.0010460782796144,0
cpu,2304,32,3,E,idle,2,intel-rapl:1,package-0,46288.883,1.0010460782796144,0
cpu,2304,32,3,E,idle,2,intel-rapl:0:0,dram,6743.797,1.0010460782796144,0
cpu,2304,32,3,E,idle,2,intel-rapl:1:0,dram,9404.42,1.0010460782796144,0
cpu,2304,32,3,E,write,2,intel-rapl:0,package-1,101465.621,1.0012150732800364,7900
cpu,2304,32,3,E,write,2,intel-rapl:1,package-0,98172.722,1.0012150732800364,7900
cpu,2304,32,3,E,write,2,intel-rapl:0:0,dram,11756.397,1.0012150732800364,7900
cpu,2304,32,3,E,write,2,intel-rapl:1:0,dram,7595.119,1.0012150732800364,7900
cpu,2304,32,3,D,write,3,intel-rapl:0,package-1,105553.257,1.0010146088898182,9070
cpu,2304,32,3,D,write,3,intel-rapl:1,package-0,102637.799,1.0010146088898182,9070
cpu,2304,32,3,D,write,3,intel-rapl:0:0,dram,11760.452,1.0010146088898182,9070
cpu,2304,32,3,D,write,3,intel-rapl:1:0,dram,7582.19,1.0010146088898182,9070
cpu,2304,32,3,D,read,3,intel-rapl:0,package-1,106201.755,1.0080281300470233,3630
cpu,2304,32,3,D,read,3,intel-rapl:1,package-0,103620.401,1.0080281300470233,3630
cpu,2304,32,3,D,read,3,intel-rapl:0:0,dram,11847.784,1.0080281300470233,3630
cpu,2304,32,3,D,read,3,intel-rapl:1:0,dram,7628.84,1.0080281300470233,3630
cpu,2304,32,3,D,idle,3,intel-rapl:0,package-1,48628.965,1.0010580699890852,0
cpu,2304,32,3,D,idle,3,intel-rapl:1,package-0,46442.508,1.0010580699890852,0
cpu,2304,32,3,D,idle,3,intel-rapl:0:0,dram,6890.202,1.0010580699890852,0
cpu,2304,32,3,D,idle,3,intel-rapl:1:0,dram,8591.806,1.0010580699890852,0
cpu,2304,32,3,E,write,3,intel-rapl:0,package-1,100958.848,1.0007369918748736,8080
cpu,2304,32,3,E,write,3,intel-rapl:1,package-0,99013.235,1.0007369918748736,8080
cpu,2304,32,3,E,write,3,intel-rapl:0:0,dram,11771.973,1.0007369918748736,8080
cpu,2304,32,3,E,write,3,intel-rapl:1:0,dram,7599.831,1.0007369918748736,8080
cpu,2304,32,3,E,idle,3,intel-rapl:0,package-1,48039.244,1.0010450491681695,0
cpu,2304,32,3,E,idle,3,intel-rapl:1,package-0,45668.584,1.0010450491681695,0
cpu,2304,32,3,E,idle,3,intel-rapl:0:0,dram,7121.232,1.0010450491681695,0
cpu,2304,32,3,E,idle,3,intel-rapl:1:0,dram,8423.476,1.0010450491681695,0
cpu,2304,32,3,E,read,3,intel-rapl:0,package-1,103905.74,1.0024956641718745,8760
cpu,2304,32,3,E,read,3,intel-rapl:1,package-0,98828.971,1.0024956641718745,8760
cpu,2304,32,3,E,read,3,intel-rapl:0:0,dram,11777.053,1.0024956641718745,8760
cpu,2304,32,3,E,read,3,intel-rapl:1:0,dram,7590.774,1.0024956641718745,8760
cpu,2304,32,3,C,idle,3,intel-rapl:0,package-1,48722.104,1.0010598124936223,0
cpu,2304,32,3,C,idle,3,intel-rapl:1,package-0,46601.992,1.0010598124936223,0
cpu,2304,32,3,C,idle,3,intel-rapl:0:0,dram,6849.535,1.0010598124936223,0
cpu,2304,32,3,C,idle,3,intel-rapl:1:0,dram,9095.498,1.0010598124936223,0
cpu,2304,32,3,C,read,3,intel-rapl:0,package-1,103260.844,1.0011793952435255,7020
cpu,2304,32,3,C,read,3,intel-rapl:1,package-0,98756.461,1.0011793952435255,7020
cpu,2304,32,3,C,read,3,intel-rapl:0:0,dram,11770.274,1.0011793952435255,7020
cpu,2304,32,3,C,read,3,intel-rapl:1:0,dram,7577.325,1.0011793952435255,7020
cpu,2304,32,3,C,write,3,intel-rapl:0,package-1,105175.207,1.0004865592345595,9110
cpu,2304,32,3,C,write,3,intel-rapl:1,package-0,102682.232,1.0004865592345595,9110
cpu,2304,32,3,C,write,3,intel-rapl:0:0,dram,11749.987,1.0004865592345595,9110
cpu,2304,32,3,C,write,3,intel-rapl:1:0,dram,7567.35,1.0004865592345595,9110
cpu,2304,32,3,F,idle,3,intel-rapl:0,package-1,49429.5,1.001046596094966,0
cpu,2304,32,3,F,idle,3,intel-rapl:1,package-0,47715.088,1.001046596094966,0
cpu,2304,32,3,F,idle,3,intel-rapl:0:0,dram,6631.495,1.001046596094966,0
cpu,2304,32,3,F,idle,3,intel-rapl:1:0,dram,9201.374,1.001046596094966,0
cpu,2304,32,3,F,write,3,intel-rapl:0,package-1,101061.204,1.0001941081136465,7900
cpu,2304,32,3,F,write,3,intel-rapl:1,package-0,98649.833,1.0001941081136465,7900
cpu,2304,32,3,F,write,3,intel-rapl:0:0,dram,11748.136,1.0001941081136465,7900
cpu,2304,32,3,F,write,3,intel-rapl:1:0,dram,7584.455,1.0001941081136465,7900
cpu,2304,32,3,F,read,3,intel-rapl:0,package-1,108021.635,1.000736108981073,8850
cpu,2304,32,3,F,read,3,intel-rapl:1,package-0,102930.705,1.000736108981073,8850
cpu,2304,32,3,F,read,3,intel-rapl:0:0,dram,11760.391,1.000736108981073,8850
cpu,2304,32,3,F,read,3,intel-rapl:1:0,dram,7597.384,1.000736108981073,8850
cpu,2304,32,3,B,write,3,intel-rapl:0,package-1,106939.545,1.0000266954302788,99940
cpu,2304,32,3,B,write,3,intel-rapl:1,package-0,102822.735,1.0000266954302788,99940
cpu,2304,32,3,B,write,3,intel-rapl:0:0,dram,11754.485,1.0000266954302788,99940
cpu,2304,32,3,B,write,3,intel-rapl:1:0,dram,7584.133,1.0000266954302788,99940
cpu,2304,32,3,B,read,3,intel-rapl:0,package-1,109775.72,1.000835976563394,18810
cpu,2304,32,3,B,read,3,intel-rapl:1,package-0,102991.07,1.000835976563394,18810
cpu,2304,32,3,B,read,3,intel-rapl:0:0,dram,11772.493,1.000835976563394,18810
cpu,2304,32,3,B,read,3,intel-rapl:1:0,dram,7574.617,1.000835976563394,18810
cpu,2304,32,3,B,idle,3,intel-rapl:0,package-1,49272.884,1.0010604597628117,0
cpu,2304,32,3,B,idle,3,intel-rapl:1,package-0,47128.114,1.0010604597628117,0
cpu,2304,32,3,B,idle,3,intel-rapl:0:0,dram,7212.619,1.0010604597628117,0
cpu,2304,32,3,B,idle,3,intel-rapl:1:0,dram,7738.495,1.0010604597628117,0
cpu,2304,32,3,A,idle,3,intel-rapl:0,package-1,47180.727,1.0010677371174097,0
cpu,2304,32,3,A,idle,3,intel-rapl:1,package-0,44892.036,1.0010677371174097,0
cpu,2304,32,3,A,idle,3,intel-rapl:0:0,dram,6626.965,1.0010677371174097,0
cpu,2304,32,3,A,idle,3,intel-rapl:1:0,dram,8520.31,1.0010677371174097,0
cpu,2304,32,3,A,write,3,intel-rapl:0,package-1,102720.074,1.0022238017991185,4180
cpu,2304,32,3,A,write,3,intel-rapl:1,package-0,98567.313,1.0022238017991185,4180
cpu,2304,32,3,A,write,3,intel-rapl:0:0,dram,11780.939,1.0022238017991185,4180
cpu,2304,32,3,A,write,3,intel-rapl:1:0,dram,7609.424,1.0022238017991185,4180
cpu,2304,32,3,A,read,3,intel-rapl:0,package-1,109725.305,1.000405571423471,18600
cpu,2304,32,3,A,read,3,intel-rapl:1,package-0,102680.035,1.000405571423471,18600
cpu,2304,32,3,A,read,3,intel-rapl:0:0,dram,11776.517,1.000405571423471,18600
cpu,2304,32,3,A,read,3,intel-rapl:1:0,dram,7584.47,1.000405571423471,18600
cpu,2304,32,3,G,read,3,intel-rapl:0,package-1,109621.24,1.0008912468329072,18690
cpu,2304,32,3,G,read,3,intel-rapl:1,package-0,102821.575,1.0008912468329072,18690
cpu,2304,32,3,G,read,3,intel-rapl:0:0,dram,11786.08,1.0008912468329072,18690
cpu,2304,32,3,G,read,3,intel-rapl:1:0,dram,7597.368,1.0008912468329072,18690
cpu,2304,32,3,G,idle,3,intel-rapl:0,package-1,49677.852,1.001057648099959,0
cpu,2304,32,3,G,idle,3,intel-rapl:1,package-0,50657.158,1.001057648099959,0
cpu,2304,32,3,G,idle,3,intel-rapl:0:0,dram,6315.304,1.001057648099959,0
cpu,2304,32,3,G,idle,3,intel-rapl:1:0,dram,8454.948,1.001057648099959,0
cpu,2304,32,3,G,write,3,intel-rapl:0,package-1,101823.042,1.0002258913591504,3380
cpu,2304,32,3,G,write,3,intel-rapl:1,package-0,98348.625,1.0002258913591504,3380
cpu,2304,32,3,G,write,3,intel-rapl:0:0,dram,11762.12,1.0002258913591504,3380
cpu,2304,32,3,G,write,3,intel-rapl:1:0,dram,7577.386,1.0002258913591504,3380
cpu,2304,32,3,G,read,4,intel-rapl:0,package-1,109847.497,1.0014053341001272,18660
cpu,2304,32,3,G,read,4,intel-rapl:1,package-0,102805.889,1.0014053341001272,18660
cpu,2304,32,3,G,read,4,intel-rapl:0:0,dram,11768.118,1.0014053341001272,18660
cpu,2304,32,3,G,read,4,intel-rapl:1:0,dram,7589.948,1.0014053341001272,18660
cpu,2304,32,3,G,write,4,intel-rapl:0,package-1,106285.8,1.0013429429382086,3360
cpu,2304,32,3,G,write,4,intel-rapl:1,package-0,102780.011,1.0013429429382086,3360
cpu,2304,32,3,G,write,4,intel-rapl:0:0,dram,11776.211,1.0013429429382086,3360
cpu,2304,32,3,G,write,4,intel-rapl:1:0,dram,7587.193,1.0013429429382086,3360
cpu,2304,32,3,G,idle,4,intel-rapl:0,package-1,47625.671,1.0010572457686067,0
cpu,2304,32,3,G,idle,4,intel-rapl:1,package-0,45276.861,1.0010572457686067,0
cpu,2304,32,3,G,idle,4,intel-rapl:0:0,dram,6552.99,1.0010572457686067,0
cpu,2304,32,3,G,idle,4,intel-rapl:1:0,dram,8845.435,1.0010572457686067,0
cpu,2304,32,3,C,idle,4,intel-rapl:0,package-1,47919.982,1.0010613463819027,0
cpu,2304,32,3,C,idle,4,intel-rapl:1,package-0,45538.396,1.0010613463819027,0
cpu,2304,32,3,C,idle,4,intel-rapl:0:0,dram,7094.809,1.0010613463819027,0
cpu,2304,32,3,C,idle,4,intel-rapl:1:0,dram,9085.186,1.0010613463819027,0
cpu,2304,32,3,C,read,4,intel-rapl:0,package-1,103681.681,1.0041090827435255,7050
cpu,2304,32,3,C,read,4,intel-rapl:1,package-0,98712.455,1.0041090827435255,7050
cpu,2304,32,3,C,read,4,intel-rapl:0:0,dram,11794.555,1.0041090827435255,7050
cpu,2304,32,3,C,read,4,intel-rapl:1:0,dram,7624.801,1.0041090827435255,7050
cpu,2304,32,3,C,write,4,intel-rapl:0,package-1,105396.52,1.0011274982243776,9020
cpu,2304,32,3,C,write,4,intel-rapl:1,package-0,102735.211,1.0011274982243776,9020
cpu,2304,32,3,C,write,4,intel-rapl:0:0,dram,11759.688,1.0011274982243776,9020
cpu,2304,32,3,C,write,4,intel-rapl:1:0,dram,7601.545,1.0011274982243776,9020
cpu,2304,32,3,E,read,4,intel-rapl:0,package-1,107864.897,1.0006943736225367,9000
cpu,2304,32,3,E,read,4,intel-rapl:1,package-0,102813.152,1.0006943736225367,9000
cpu,2304,32,3,E,read,4,intel-rapl:0:0,dram,11769.28,1.0006943736225367,9000
cpu,2304,32,3,E,read,4,intel-rapl:1:0,dram,7591.447,1.0006943736225367,9000
cpu,2304,32,3,E,idle,4,intel-rapl:0,package-1,50314.385,1.0010533230379224,0
cpu,2304,32,3,E,idle,4,intel-rapl:1,package-0,48247.13,1.0010533230379224,0
cpu,2304,32,3,E,idle,4,intel-rapl:0:0,dram,6717.343,1.0010533230379224,0
cpu,2304,32,3,E,idle,4,intel-rapl:1:0,dram,9232.433,1.0010533230379224,0
cpu,2304,32,3,E,write,4,intel-rapl:0,package-1,101059.19,1.0009318692609668,7950
cpu,2304,32,3,E,write,4,intel-rapl:1,package-0,98762.992,1.0009318692609668,7950
cpu,2304,32,3,E,write,4,intel-rapl:0:0,dram,11765.057,1.0009318692609668,7950
cpu,2304,32,3,E,write,4,intel-rapl:1:0,dram,7597.276,1.0009318692609668,7950
cpu,2304,32,3,D,write,4,intel-rapl:0,package-1,105359.166,1.000741209834814,9540
cpu,2304,32,3,D,write,4,intel-rapl:1,package-0,102681.683,1.000741209834814,9540
cpu,2304,32,3,D,write,4,intel-rapl:0:0,dram,11767.582,1.000741209834814,9540
cpu,2304,32,3,D,write,4,intel-rapl:1:0,dram,7580.431,1.000741209834814,9540
cpu,2304,32,3,D,idle,4,intel-rapl:0,package-1,47244.264,1.001058142632246,0
cpu,2304,32,3,D,idle,4,intel-rapl:1,package-0,44792.487,1.001058142632246,0
cpu,2304,32,3,D,idle,4,intel-rapl:0:0,dram,6637.446,1.001058142632246,0
cpu,2304,32,3,D,idle,4,intel-rapl:1:0,dram,9722.844,1.001058142632246,0
cpu,2304,32,3,D,read,4,intel-rapl:0,package-1,100751.512,1.0010224608704448,3600
cpu,2304,32,3,D,read,4,intel-rapl:1,package-0,98043.634,1.0010224608704448,3600
cpu,2304,32,3,D,read,4,intel-rapl:0:0,dram,11754.975,1.0010224608704448,3600
cpu,2304,32,3,D,read,4,intel-rapl:1:0,dram,7603.703,1.0010224608704448,3600
cpu,2304,32,3,A,write,4,intel-rapl:0,package-1,106974.641,1.0023023430258036,4270
cpu,2304,32,3,A,write,4,intel-rapl:1,package-0,102818.768,1.0023023430258036,4270
cpu,2304,32,3,A,write,4,intel-rapl:0:0,dram,11782.897,1.0023023430258036,4270
cpu,2304,32,3,A,write,4,intel-rapl:1:0,dram,7591.126,1.0023023430258036,4270
cpu,2304,32,3,A,read,4,intel-rapl:0,package-1,109572.046,1.0012869276106358,18120
cpu,2304,32,3,A,read,4,intel-rapl:1,package-0,102328.351,1.0012869276106358,18120
cpu,2304,32,3,A,read,4,intel-rapl:0:0,dram,11782.361,1.0012869276106358,18120
cpu,2304,32,3,A,read,4,intel-rapl:1:0,dram,7579.452,1.0012869276106358,18120
cpu,2304,32,3,A,idle,4,intel-rapl:0,package-1,46833.682,1.0010544480755925,0
cpu,2304,32,3,A,idle,4,intel-rapl:1,package-0,44249.704,1.0010544480755925,0
cpu,2304,32,3,A,idle,4,intel-rapl:0:0,dram,6292.814,1.0010544480755925,0
cpu,2304,32,3,A,idle,4,intel-rapl:1:0,dram,8824.0,1.0010544480755925,0
cpu,2304,32,3,B,write,4,intel-rapl:0,package-1,102791.424,1.0000369725748897,96420
cpu,2304,32,3,B,write,4,intel-rapl:1,package-0,88704.363,1.0000369725748897,96420
cpu,2304,32,3,B,write,4,intel-rapl:0:0,dram,11750.981,1.0000369725748897,96420
cpu,2304,32,3,B,write,4,intel-rapl:1:0,dram,7581.533,1.0000369725748897,96420
cpu,2304,32,3,B,idle,4,intel-rapl:0,package-1,47003.054,1.0010561607778072,0
cpu,2304,32,3,B,idle,4,intel-rapl:1,package-0,44310.86,1.0010561607778072,0
cpu,2304,32,3,B,idle,4,intel-rapl:0:0,dram,6260.21,1.0010561607778072,0
cpu,2304,32,3,B,idle,4,intel-rapl:1:0,dram,8128.278,1.0010561607778072,0
cpu,2304,32,3,B,read,4,intel-rapl:0,package-1,104680.152,1.0008260235190392,18420
cpu,2304,32,3,B,read,4,intel-rapl:1,package-0,88735.613,1.0008260235190392,18420
cpu,2304,32,3,B,read,4,intel-rapl:0:0,dram,11748.977,1.0008260235190392,18420
cpu,2304,32,3,B,read,4,intel-rapl:1:0,dram,7590.146,1.0008260235190392,18420
cpu,2304,32,3,F,write,4,intel-rapl:0,package-1,105145.238,1.0005651907995343,7960
cpu,2304,32,3,F,write,4,intel-rapl:1,package-0,91645.701,1.0005651907995343,7960
cpu,2304,32,3,F,write,4,intel-rapl:0:0,dram,11767.98,1.0005651907995343,7960
cpu,2304,32,3,F,write,4,intel-rapl:1:0,dram,7587.224,1.0005651907995343,7960
cpu,2304,32,3,F,idle,4,intel-rapl:0,package-1,49344.6,1.0010609682649374,0
cpu,2304,32,3,F,idle,4,intel-rapl:1,package-0,46832.216,1.0010609682649374,0
cpu,2304,32,3,F,idle,4,intel-rapl:0:0,dram,7361.564,1.0010609682649374,0
cpu,2304,32,3,F,idle,4,intel-rapl:1:0,dram,8860.138,1.0010609682649374,0
cpu,2304,32,3,F,read,4,intel-rapl:0,package-1,103931.985,1.0028340416029096,8790
cpu,2304,32,3,F,read,4,intel-rapl:1,package-0,89005.205,1.0028340416029096,8790
cpu,2304,32,3,F,read,4,intel-rapl:0:0,dram,11782.255,1.0028340416029096,8790
cpu,2304,32,3,F,read,4,intel-rapl:1:0,dram,7595.119,1.0028340416029096,8790
