device,cells,rank,consumers,arm,mode,domain_id,domain_name,gross_median_mJ,ci_low,ci_high,idle_subtracted_median_mJ,idle_subtracted_ci_low,idle_subtracted_ci_high,blocks,energy_kind,note
cpu,144,32,3,A,read,intel-rapl:0,package-1,0.9622272683995049,0.6908173026240403,1.0113070160284097,0.4969794873291819,0.16199620060387737,0.519994880507279,5,measured cumulative-counter energy,gross and adjacent-idle-subtracted estimates; negative net values retained; domain not whole-system; throughput-block cost
cpu,144,32,3,A,read,intel-rapl:0:0,dram,0.11199897172236505,0.06825110576372179,0.11294026298109222,0.044475285759807096,-0.007127852332067644,0.04729578228419219,5,measured cumulative-counter energy,gross and adjacent-idle-subtracted estimates; negative net values retained; domain not whole-system; throughput-block cost
cpu,144,32,3,A,read,intel-rapl:1,package-0,0.8606639572600648,0.6183488140254383,0.9254647505217227,0.42138730641488803,0.12305101483071124,0.48878622104042607,5,measured cumulative-counter energy,gross and adjacent-idle-subtracted estimates; negative net values retained; domain not whole-system; throughput-block cost
cpu,144,32,3,A,read,intel-rapl:1:0,dram,0.07231314634611714,0.07180999810282679,0.08674330239486651,-0.012603461431460274,-0.016334851946706964,-0.01103211510548936,5,measured cumulative-counter energy,gross and adjacent-idle-subtracted estimates; negative net values retained; domain not whole-system; throughput-block cost
cpu,144,32,3,A,write,intel-rapl:0,package-1,3.5821682561307906,3.0200643315018314,3.617270551936922,1.9471580480164021,0.9068115539422774,2.0022384983815074,5,measured cumulative-counter energy,gross and adjacent-idle-subtracted estimates; negative net values retained; domain not whole-system; throughput-block cost
cpu,144,32,3,A,write,intel-rapl:0:0,dram,0.4027409448818898,0.2727483974358974,0.40671873487729,0.16035673731828248,-0.028477843266196717,0.16979521458684715,5,measured cumulative-counter energy,gross and adjacent-idle-subtracted estimates; negative net values retained; domain not whole-system; throughput-block cost
cpu,144,32,3,A,write,intel-rapl:1,package-0,3.2900687728937728,3.124555415531335,3.512669770626498,1.56735596723098,1.310780416455449,1.9971728058204528,5,measured cumulative-counter energy,gross and adjacent-idle-subtracted estimates; negative net values retained; domain not whole-system; throughput-block cost
cpu,144,32,3,A,write,intel-rapl:1:0,dram,0.259963300239644,0.2577570504087194,0.3470360805860806,-0.04528084668994314,-0.06488053003309462,-0.03947624676439509,5,measured cumulative-counter energy,gross and adjacent-idle-subtracted estimates; negative net values retained; domain not whole-system; throughput-block cost
cpu,144,32,3,B,read,intel-rapl:0,package-1,0.9658127125119389,0.9474624274752013,1.001391081414084,0.46813626651484047,0.4194099996452265,0.5035584581498306,5,measured cumulative-counter energy,gross and adjacent-idle-subtracted estimates; negative net values retained; domain not whole-system; throughput-block cost
cpu,144,32,3,B,read,intel-rapl:0:0,dram,0.11123366420873511,0.11016428972487367,0.11244023877745941,0.03931552274139386,0.02752070529462514,0.04341999807188058,5,measured cumulative-counter energy,gross and adjacent-idle-subtracted estimates; negative net values retained; domain not whole-system; throughput-block cost
cpu,144,32,3,B,read,intel-rapl:1,package-0,0.8456023304680038,0.8232374134381433,0.8712922197012668,0.3524943870931662,0.28134578207524763,0.40274176923199395,5,measured cumulative-counter energy,gross and adjacent-idle-subtracted estimates; negative net values retained; domain not whole-system; throughput-block cost
cpu,144,32,3,B,read,intel-rapl:1:0,dram,0.0718262525997353,0.07094484372075613,0.07244572110792741,-0.006840458304998658,-0.024528971081192567,-0.005712700293172507,5,measured cumulative-counter energy,gross and adjacent-idle-subtracted estimates; negative net values retained; domain not whole-system; throughput-block cost
cpu,144,32,3,B,write,intel-rapl:0,package-1,0.3330455525606469,0.3203714748887476,0.3348383965302803,0.14470280311650208,0.13918758530163264,0.18265409832293955,5,measured cumulative-counter energy,gross and adjacent-idle-subtracted estimates; negative net values retained; domain not whole-system; throughput-block cost
cpu,144,32,3,B,write,intel-rapl:0:0,dram,0.03749785237034681,0.03731225305216426,0.0375410607657183,0.013250953708605625,0.009244521723875439,0.014699769773372352,5,measured cumulative-counter energy,gross and adjacent-idle-subtracted estimates; negative net values retained; domain not whole-system; throughput-block cost
cpu,144,32,3,B,write,intel-rapl:1,package-0,0.2921809322303532,0.28340300699300697,0.3233165481391715,0.13954627181045232,0.09486438191324446,0.1746904808812095,5,measured cumulative-counter energy,gross and adjacent-idle-subtracted estimates; negative net values retained; domain not whole-system; throughput-block cost
cpu,144,32,3,B,write,intel-rapl:1:0,dram,0.024124104358892777,0.024043776755985413,0.024292052239997447,-0.002268907533580291,-0.008302061177178513,-0.001949572128047977,5,measured cumulative-counter energy,gross and adjacent-idle-subtracted estimates; negative net values retained; domain not whole-system; throughput-block cost
cpu,144,32,3,C,read,intel-rapl:0,package-1,1.8377687233648323,1.8125848332401715,1.9230286421110498,0.9910765752438069,0.8450181924413729,1.060062614708704,5,measured cumulative-counter energy,gross and adjacent-idle-subtracted estimates; negative net values retained; domain not whole-system; throughput-block cost
cpu,144,32,3,C,read,intel-rapl:0:0,dram,0.21416717557251908,0.2103677287125023,0.21776829720214935,0.09325096305710473,0.07866738722123036,0.10381814372973475,5,measured cumulative-counter energy,gross and adjacent-idle-subtracted estimates; negative net values retained; domain not whole-system; throughput-block cost
cpu,144,32,3,C,read,intel-rapl:1,package-0,1.6320483824063976,1.5827841252096144,1.8753023272860547,0.8325839517219501,0.6677637153638812,1.0585221764412969,5,measured cumulative-counter energy,gross and adjacent-idle-subtracted estimates; negative net values retained; domain not whole-system; throughput-block cost
cpu,144,32,3,C,read,intel-rapl:1:0,dram,0.1385122411581455,0.13714324470971243,0.1414159679523011,-0.015326001456823507,-0.03811280067418858,-0.004778533357757669,5,measured cumulative-counter energy,gross and adjacent-idle-subtracted estimates; negative net values retained; domain not whole-system; throughput-block cost
cpu,144,32,3,C,write,intel-rapl:0,package-1,2.6363355201254572,1.8953606929133857,2.7585614715189872,1.2065147050451344,0.4349847787014549,1.5534949891562013,5,measured cumulative-counter energy,gross and adjacent-idle-subtracted estimates; negative net values retained; domain not whole-system; throughput-block cost
cpu,144,32,3,C,write,intel-rapl:0:0,dram,0.30792869837950865,0.1871775433070866,0.3100981540084388,0.11310863340454978,-0.01170255257480123,0.1487187417688311,5,measured cumulative-counter energy,gross and adjacent-idle-subtracted estimates; negative net values retained; domain not whole-system; throughput-block cost
cpu,144,32,3,C,write,intel-rapl:1,package-0,2.4103239905610905,1.6980494488188975,2.536897595399896,1.1504599944750902,0.31938546396957,1.2800101441936078,5,measured cumulative-counter energy,gross and adjacent-idle-subtracted estimates; negative net values retained; domain not whole-system; throughput-block cost
cpu,144,32,3,C,write,intel-rapl:1:0,dram,0.20003620780590717,0.19860726607422896,0.2414183179356483,-0.026498478908591982,-0.05467169473749718,-0.00845430913959468,5,measured cumulative-counter energy,gross and adjacent-idle-subtracted estimates; negative net values retained; domain not whole-system; throughput-block cost
cpu,144,32,3,D,read,intel-rapl:0,package-1,3.180160686095932,3.048477009402487,3.1893992389649926,1.3810251669158986,1.3559202219646127,1.7375969734458618,5,measured cumulative-counter energy,gross and adjacent-idle-subtracted estimates; negative net values retained; domain not whole-system; throughput-block cost
cpu,144,32,3,D,read,intel-rapl:0:0,dram,0.3579642683667274,0.3533932432432433,0.35896036529680364,0.13566377791693254,0.09607141258769436,0.17379891949465143,5,measured cumulative-counter energy,gross and adjacent-idle-subtracted estimates; negative net values retained; domain not whole-system; throughput-block cost
cpu,144,32,3,D,read,intel-rapl:1,package-0,2.7884601092896175,2.750770480480481,2.80619381255687,1.1243329994091198,0.9080129666842918,1.428210322588834,5,measured cumulative-counter energy,gross and adjacent-idle-subtracted estimates; negative net values retained; domain not whole-system; throughput-block cost
cpu,144,32,3,D,read,intel-rapl:1:0,dram,0.23073208977858659,0.2275748648648649,0.2313199573430835,-0.017474350141620652,-0.02187779952498773,-0.0012102182208679967,5,measured cumulative-counter energy,gross and adjacent-idle-subtracted estimates; negative net values retained; domain not whole-system; throughput-block cost
cpu,144,32,3,D,write,intel-rapl:0,package-1,2.636724790136411,2.618239333159677,2.7633363492898475,1.2019825692602493,1.0811253688255793,1.3984797686042916,5,measured cumulative-counter energy,gross and adjacent-idle-subtracted estimates; negative net values retained; domain not whole-system; throughput-block cost
cpu,144,32,3,D,write,intel-rapl:0:0,dram,0.30912541972717733,0.3066017973430581,0.3101561809573909,0.11697104408972997,0.08289087039439597,0.15028741940666268,5,measured cumulative-counter energy,gross and adjacent-idle-subtracted estimates; negative net values retained; domain not whole-system; throughput-block cost
cpu,144,32,3,D,write,intel-rapl:1,package-0,2.4014890407358735,2.3477804564533056,2.589660258098499,1.1291646937550741,0.7831137933968296,1.211120328742174,5,measured cumulative-counter energy,gross and adjacent-idle-subtracted estimates; negative net values retained; domain not whole-system; throughput-block cost
cpu,144,32,3,D,write,intel-rapl:1:0,dram,0.1989193166885677,0.19747561865069027,0.2000629180932315,-0.015474777839214025,-0.01909551639806995,-0.0007502018969365144,5,measured cumulative-counter energy,gross and adjacent-idle-subtracted estimates; negative net values retained; domain not whole-system; throughput-block cost
cpu,144,32,3,E,read,intel-rapl:0,package-1,1.6243692901234568,1.5609984384662956,1.6334728159851302,0.8235594062225435,0.7088317847651389,0.894985187821493,5,measured cumulative-counter energy,gross and adjacent-idle-subtracted estimates; negative net values retained; domain not whole-system; throughput-block cost
cpu,144,32,3,E,read,intel-rapl:0:0,dram,0.18157513914656773,0.18111905422057917,0.1824006812200031,0.05969657959283577,0.056643863155734324,0.07886886845938339,5,measured cumulative-counter energy,gross and adjacent-idle-subtracted estimates; negative net values retained; domain not whole-system; throughput-block cost
cpu,144,32,3,E,read,intel-rapl:1,package-0,1.4569960192069393,1.3622694805194804,1.586996651234568,0.7156142168271298,0.5373556989946765,0.9003893204735258,5,measured cumulative-counter energy,gross and adjacent-idle-subtracted estimates; negative net values retained; domain not whole-system; throughput-block cost
cpu,144,32,3,E,read,intel-rapl:1:0,dram,0.11713062770562771,0.11696733024691358,0.1175085501858736,-0.016301975502489505,-0.020557322970366474,-0.01121809724654193,5,measured cumulative-counter energy,gross and adjacent-idle-subtracted estimates; negative net values retained; domain not whole-system; throughput-block cost
cpu,144,32,3,E,write,intel-rapl:0,package-1,1.788803158828749,1.7708191181657849,1.8451572911169745,0.9239448338908625,0.8107538262420374,0.9434277697441654,5,measured cumulative-counter energy,gross and adjacent-idle-subtracted estimates; negative net values retained; domain not whole-system; throughput-block cost
cpu,144,32,3,E,write,intel-rapl:0:0,dram,0.20728019400352735,0.20642274083172485,0.20935233362910383,0.06788652368784118,0.06457445446187163,0.0904180603317204,5,measured cumulative-counter energy,gross and adjacent-idle-subtracted estimates; negative net values retained; domain not whole-system; throughput-block cost
cpu,144,32,3,E,write,intel-rapl:1,package-0,1.6118522251539138,1.575662661934339,1.6413388007054674,0.7181375892236501,0.6732214962437988,0.8459510823185079,5,measured cumulative-counter energy,gross and adjacent-idle-subtracted estimates; negative net values retained; domain not whole-system; throughput-block cost
cpu,144,32,3,E,write,intel-rapl:1:0,dram,0.1338210405643739,0.13273844534128795,0.13445753327417923,-0.01858536845364843,-0.023259832741163323,-0.012961720863321488,5,measured cumulative-counter energy,gross and adjacent-idle-subtracted estimates; negative net values retained; domain not whole-system; throughput-block cost
cpu,144,32,3,F,read,intel-rapl:0,package-1,1.6261055633038897,1.5693733240223464,1.6262682473268246,0.8396990473536827,0.7167927433143423,0.901474729872451,5,measured cumulative-counter energy,gross and adjacent-idle-subtracted estimates; negative net values retained; domain not whole-system; throughput-block cost
cpu,144,32,3,F,read,intel-rapl:0:0,dram,0.1822525646985898,0.18141634957463262,0.18291405959031656,0.07393201201190555,0.06319355225156041,0.07844457346915366,5,measured cumulative-counter energy,gross and adjacent-idle-subtracted estimates; negative net values retained; domain not whole-system; throughput-block cost
cpu,144,32,3,F,read,intel-rapl:1,package-0,1.4202975980164265,1.4118976798143852,1.4314990223463688,0.6605812302530292,0.5979743408643537,0.7436624661887553,5,measured cumulative-counter energy,gross and adjacent-idle-subtracted estimates; negative net values retained; domain not whole-system; throughput-block cost
cpu,144,32,3,F,read,intel-rapl:1:0,dram,0.11754360645561764,0.11733763341067285,0.11763527041686038,-0.01383765807734575,-0.03228003109365523,-0.007967410722874844,5,measured cumulative-counter energy,gross and adjacent-idle-subtracted estimates; negative net values retained; domain not whole-system; throughput-block cost
cpu,144,32,3,F,write,intel-rapl:0,package-1,1.7821149840595112,1.7724098357760905,1.8467088576449913,0.9115155040981487,0.8441404428239626,0.9529896503702902,5,measured cumulative-counter energy,gross and adjacent-idle-subtracted estimates; negative net values retained; domain not whole-system; throughput-block cost
cpu,144,32,3,F,write,intel-rapl:0:0,dram,0.20751829419035847,0.20634528896672505,0.20850092116917626,0.08411263010450398,0.07128533294881777,0.08959243357882521,5,measured cumulative-counter energy,gross and adjacent-idle-subtracted estimates; negative net values retained; domain not whole-system; throughput-block cost
cpu,144,32,3,F,write,intel-rapl:1,package-0,1.6104250966608082,1.55828970952887,1.7918999474605954,0.7567595320689489,0.6737846678390543,0.869763657250186,5,measured cumulative-counter energy,gross and adjacent-idle-subtracted estimates; negative net values retained; domain not whole-system; throughput-block cost
cpu,144,32,3,F,write,intel-rapl:1:0,dram,0.13394592971923008,0.1328246234676007,0.1343784410983171,-0.01592044398575185,-0.03619549136194199,-0.009072412774978259,5,measured cumulative-counter energy,gross and adjacent-idle-subtracted estimates; negative net values retained; domain not whole-system; throughput-block cost
cpu,144,32,3,G,read,intel-rapl:0,package-1,0.9719302005730659,0.6931674827586207,0.9988176034236804,0.4136533305752247,0.16398664445975059,0.5599344028818267,5,measured cumulative-counter energy,gross and adjacent-idle-subtracted estimates; negative net values retained; domain not whole-system; throughput-block cost
cpu,144,32,3,G,read,intel-rapl:0:0,dram,0.11125260918888258,0.06819280459770115,0.11247340974212035,0.028570734018705548,-0.007995033943350164,0.047844487728926514,5,measured cumulative-counter energy,gross and adjacent-idle-subtracted estimates; negative net values retained; domain not whole-system; throughput-block cost
cpu,144,32,3,G,read,intel-rapl:1,package-0,0.8894329836499385,0.6423084942528735,0.9732722967189729,0.34781152756263234,0.14566698867609593,0.5591908421947693,5,measured cumulative-counter energy,gross and adjacent-idle-subtracted estimates; negative net values retained; domain not whole-system; throughput-block cost
cpu,144,32,3,G,read,intel-rapl:1:0,dram,0.07221483594864479,0.07162470465929496,0.08707564367816092,-0.017032076672912653,-0.030705568129761943,-0.009403214563432285,5,measured cumulative-counter energy,gross and adjacent-idle-subtracted estimates; negative net values retained; domain not whole-system; throughput-block cost
cpu,144,32,3,G,write,intel-rapl:0,package-1,4.940259333958724,3.4678157471264366,4.962228948609146,2.2547813052069063,0.8212533262401835,2.7864108636750204,5,measured cumulative-counter energy,gross and adjacent-idle-subtracted estimates; negative net values retained; domain not whole-system; throughput-block cost
cpu,144,32,3,G,write,intel-rapl:0:0,dram,0.5534193714821763,0.34147580459770116,0.5578950213371265,0.1426596870247748,-0.0395581554744058,0.23983297784978025,5,measured cumulative-counter energy,gross and adjacent-idle-subtracted estimates; negative net values retained; domain not whole-system; throughput-block cost
cpu,144,32,3,G,write,intel-rapl:1,package-0,4.329709476661952,3.332767068965517,4.813696579194002,2.1277087850517784,0.8489417862187348,2.5830754945150645,5,measured cumulative-counter energy,gross and adjacent-idle-subtracted estimates; negative net values retained; domain not whole-system; throughput-block cost
cpu,144,32,3,G,write,intel-rapl:1:0,dram,0.3572019801980198,0.35546735459662293,0.43617488505747126,-0.08555854767111976,-0.1514877154282775,-0.046149163137767256,5,measured cumulative-counter energy,gross and adjacent-idle-subtracted estimates; negative net values retained; domain not whole-system; throughput-block cost
cpu,2304,32,3,A,read,intel-rapl:0,package-1,5.834923253333334,5.790533333333333,6.047022406181015,3.314431369633501,3.088705907443779,3.4617818761582537,5,measured cumulative-counter energy,gross and adjacent-idle-subtracted estimates; negative net values retained; domain not whole-system; throughput-block cost
cpu,2304,32,3,A,read,intel-rapl:0:0,dram,0.6331460752688172,0.6265358359957401,0.6502406732891832,0.27709330475730787,0.2540430161539178,0.30287448071233963,5,measured cumulative-counter energy,gross and adjacent-idle-subtracted estimates; negative net values retained; domain not whole-system; throughput-block cost
cpu,2304,32,3,A,read,intel-rapl:1,package-0,5.471319755058572,4.877155466666666,5.647259988962472,3.083297276637026,2.4514629735379243,3.204656218831601,5,measured cumulative-counter energy,gross and adjacent-idle-subtracted estimates; negative net values retained; domain not whole-system; throughput-block cost
cpu,2304,32,3,A,read,intel-rapl:1:0,dram,0.40776720430107527,0.4040227733333333,0.41829205298013244,-0.050010976376945196,-0.06879675709721418,-0.02308237001456637,5,measured cumulative-counter energy,gross and adjacent-idle-subtracted estimates; negative net values retained; domain not whole-system; throughput-block cost
cpu,2304,32,3,A,write,intel-rapl:0,package-1,25.05260913348946,24.432064133016627,25.8695961352657,13.776302549176634,13.212358926060254,14.24386152147503,5,measured cumulative-counter energy,gross and adjacent-idle-subtracted estimates; negative net values retained; domain not whole-system; throughput-block cost
cpu,2304,32,3,A,write,intel-rapl:0:0,dram,2.7954190023752967,2.7594606557377053,2.8398425120772948,1.2311772658467577,1.102620842775319,1.2838966044037154,5,measured cumulative-counter energy,gross and adjacent-idle-subtracted estimates; negative net values retained; domain not whole-system; throughput-block cost
cpu,2304,32,3,A,write,intel-rapl:1,package-0,23.58069688995215,22.172349758454107,24.379302606635072,12.828572788782594,11.182225001261559,13.703490206568713,5,measured cumulative-counter energy,gross and adjacent-idle-subtracted estimates; negative net values retained; domain not whole-system; throughput-block cost
cpu,2304,32,3,A,write,intel-rapl:1:0,dram,1.800048578199052,1.7777812646370024,1.832792270531401,-0.22026926398177313,-0.30577432390820136,-0.09808123981327285,5,measured cumulative-counter energy,gross and adjacent-idle-subtracted estimates; negative net values retained; domain not whole-system; throughput-block cost
cpu,2304,32,3,B,read,intel-rapl:0,package-1,5.741335683060109,5.682961563517916,5.836029771398192,3.136032930823222,3.067546490032654,3.2493674439099034,5,measured cumulative-counter energy,gross and adjacent-idle-subtracted estimates; negative net values retained; domain not whole-system; throughput-block cost
cpu,2304,32,3,B,read,intel-rapl:0:0,dram,0.6373592532467532,0.6201583991574513,0.6425507103825137,0.2705677331413888,0.2425035298567401,0.2980567962842164,5,measured cumulative-counter energy,gross and adjacent-idle-subtracted estimates; negative net values retained; domain not whole-system; throughput-block cost
cpu,2304,32,3,B,read,intel-rapl:1,package-0,5.367991530054645,4.817351411509229,5.475335991493886,2.885543939869962,2.4123202942960553,3.0247116216102943,5,measured cumulative-counter energy,gross and adjacent-idle-subtracted estimates; negative net values retained; domain not whole-system; throughput-block cost
cpu,2304,32,3,B,read,intel-rapl:1:0,dram,0.41053014069264065,0.39928325434439177,0.4135548087431694,-0.03772486972841744,-0.11621602926429433,-0.008620025418540627,5,measured cumulative-counter energy,gross and adjacent-idle-subtracted estimates; negative net values retained; domain not whole-system; throughput-block cost
cpu,2304,32,3,B,write,intel-rapl:0,package-1,1.0574998415056958,1.0420140276086074,1.07003747248349,0.5772156470518999,0.5578243607601416,0.5790938022835561,5,measured cumulative-counter energy,gross and adjacent-idle-subtracted estimates; negative net values retained; domain not whole-system; throughput-block cost
cpu,2304,32,3,B,write,intel-rapl:0:0,dram,0.11945694275274055,0.1163747201584943,0.12187285832814769,0.05069916614600044,0.04552045476983432,0.05701249326522282,5,measured cumulative-counter energy,gross and adjacent-idle-subtracted estimates; negative net values retained; domain not whole-system; throughput-block cost
cpu,2304,32,3,B,write,intel-rapl:1,package-0,1.000264646772229,0.9199788736776602,1.0288446567940766,0.5393681253722231,0.4608858790573273,0.559765520352732,5,measured cumulative-counter energy,gross and adjacent-idle-subtracted estimates; negative net values retained; domain not whole-system; throughput-block cost
cpu,2304,32,3,B,write,intel-rapl:1:0,dram,0.07684476248477466,0.07513641406636949,0.07863029454470027,-0.007281451863019346,-0.021183765738750894,-0.0014645856948130975,5,measured cumulative-counter energy,gross and adjacent-idle-subtracted estimates; negative net values retained; domain not whole-system; throughput-block cost
cpu,2304,32,3,C,read,intel-rapl:0,package-1,14.848831818181818,14.706621418439715,14.973216527777778,7.888766861138183,6.790611018393619,8.376455238998302,5,measured cumulative-counter energy,gross and adjacent-idle-subtracted estimates; negative net values retained; domain not whole-system; throughput-block cost
cpu,2304,32,3,C,read,intel-rapl:0:0,dram,1.6384133333333333,1.6249358126721762,1.6766772079772079,0.7008434160866006,0.6587338115287862,0.8106232853215766,5,measured cumulative-counter energy,gross and adjacent-idle-subtracted estimates; negative net values retained; domain not whole-system; throughput-block cost
cpu,2304,32,3,C,read,intel-rapl:1,package-0,14.067871937321936,13.283038611111111,14.222382369146006,7.522754201661947,4.967633654503785,8.054197980866569,5,measured cumulative-counter energy,gross and adjacent-idle-subtracted estimates; negative net values retained; domain not whole-system; throughput-block cost
cpu,2304,32,3,C,read,intel-rapl:1:0,dram,1.055034861111111,1.046094214876033,1.0815320567375888,-0.16441401175350634,-0.21641873406871165,-0.0014454146624108136,5,measured cumulative-counter energy,gross and adjacent-idle-subtracted estimates; negative net values retained; domain not whole-system; throughput-block cost
cpu,2304,32,3,C,write,intel-rapl:0,package-1,11.545028210757408,10.740818789808918,11.684758314855877,6.199890618613635,4.494479962499228,6.411097706715592,5,measured cumulative-counter energy,gross and adjacent-idle-subtracted estimates; negative net values retained; domain not whole-system; throughput-block cost
cpu,2304,32,3,C,write,intel-rapl:0:0,dram,1.2984116868798234,1.2464886411889597,1.3116779017857143,0.5383506433912524,0.5171186433382694,0.6145802457730425,5,measured cumulative-counter energy,gross and adjacent-idle-subtracted estimates; negative net values retained; domain not whole-system; throughput-block cost
cpu,2304,32,3,C,write,intel-rapl:1,package-0,11.271375631174534,9.36703237791932,11.389712971175166,6.158828371146859,3.0193187082707196,6.432969404610811,5,measured cumulative-counter energy,gross and adjacent-idle-subtracted estimates; negative net values retained; domain not whole-system; throughput-block cost
cpu,2304,32,3,C,write,intel-rapl:1:0,dram,0.8382189636163175,0.8070911889596603,0.8460643973214286,-0.1325564076442074,-0.16717228278442792,0.0006080022432982114,5,measured cumulative-counter energy,gross and adjacent-idle-subtracted estimates; negative net values retained; domain not whole-system; throughput-block cost
cpu,2304,32,3,D,read,intel-rapl:0,package-1,28.055284022038567,27.925379063360882,29.256681818181818,14.951029443835623,14.496874742420806,16.05135778362622,5,measured cumulative-counter energy,gross and adjacent-idle-subtracted estimates; negative net values retained; domain not whole-system; throughput-block cost
cpu,2304,32,3,D,read,intel-rapl:0:0,dram,3.2607713498622592,3.2512079889807164,3.2652708333333336,1.3841223002369396,1.2652374280406875,1.4968111327076639,5,measured cumulative-counter energy,gross and adjacent-idle-subtracted estimates; negative net values retained; domain not whole-system; throughput-block cost
cpu,2304,32,3,D,read,intel-rapl:1,package-0,27.320728925619836,24.4283085399449,28.545565013774105,14.792428773732363,11.985908225491231,15.945740022999999,5,measured cumulative-counter energy,gross and adjacent-idle-subtracted estimates; negative net values retained; domain not whole-system; throughput-block cost
cpu,2304,32,3,D,read,intel-rapl:1:0,dram,2.101608815426997,2.096243526170799,2.1121397222222225,-0.37887707421222766,-0.5885540106966247,-0.28175980932483574,5,measured cumulative-counter energy,gross and adjacent-idle-subtracted estimates; negative net values retained; domain not whole-system; throughput-block cost
cpu,2304,32,3,D,write,intel-rapl:0,package-1,11.637624807056229,11.043937735849056,11.763208705357144,6.276339937645128,5.973896942260448,6.482967846886992,5,measured cumulative-counter energy,gross and adjacent-idle-subtracted estimates; negative net values retained; domain not whole-system; throughput-block cost
cpu,2304,32,3,D,write,intel-rapl:0:0,dram,1.3028771871539313,1.2334991614255766,1.3200242424242423,0.5379703774367786,0.5117079494578308,0.6000147717985945,5,measured cumulative-counter energy,gross and adjacent-idle-subtracted estimates; negative net values retained; domain not whole-system; throughput-block cost
cpu,2304,32,3,D,write,intel-rapl:1,package-0,11.316185115766263,10.763279140461217,11.501453013392856,6.195954499344465,5.986797120165796,6.487900344239069,5,measured cumulative-counter energy,gross and adjacent-idle-subtracted estimates; negative net values retained; domain not whole-system; throughput-block cost
cpu,2304,32,3,D,write,intel-rapl:1:0,dram,0.8405393133997785,0.7945944444444444,0.8509874298540965,-0.15264239290882012,-0.2242489275743685,-0.11127265549527743,5,measured cumulative-counter energy,gross and adjacent-idle-subtracted estimates; negative net values retained; domain not whole-system; throughput-block cost
cpu,2304,32,3,E,read,intel-rapl:0,package-1,11.984988555555555,11.85859713631157,12.034489409141582,6.3965059239719695,6.352705761087526,6.768436575007549,5,measured cumulative-counter energy,gross and adjacent-idle-subtracted estimates; negative net values retained; domain not whole-system; throughput-block cost
cpu,2304,32,3,E,read,intel-rapl:0:0,dram,1.3444124429223745,1.3076977777777778,1.3666826945412311,0.5554160307692813,0.5303084039129248,0.5831942157631085,5,measured cumulative-counter energy,gross and adjacent-idle-subtracted estimates; negative net values retained; domain not whole-system; throughput-block cost
cpu,2304,32,3,E,read,intel-rapl:1,package-0,11.423683555555556,10.082240893470791,11.48971973244147,6.060982719920754,4.902971604133087,6.486687144777043,5,measured cumulative-counter energy,gross and adjacent-idle-subtracted estimates; negative net values retained; domain not whole-system; throughput-block cost
cpu,2304,32,3,E,read,intel-rapl:1:0,dram,0.8665267123287672,0.8434941111111112,0.8808837398373983,-0.18196394562075874,-0.23300476943004347,-0.09645073793533938,5,measured cumulative-counter energy,gross and adjacent-idle-subtracted estimates; negative net values retained; domain not whole-system; throughput-block cost
cpu,2304,32,3,E,write,intel-rapl:0,package-1,12.843749493670886,12.49490693069307,13.275866708701136,6.70665652570391,6.383762193980366,7.213531541691129,5,measured cumulative-counter energy,gross and adjacent-idle-subtracted estimates; negative net values retained; domain not whole-system; throughput-block cost
cpu,2304,32,3,E,write,intel-rapl:0:0,dram,1.4847250945775536,1.4569273514851484,1.5006040816326531,0.6223076208603517,0.5758579773854271,0.6350350928594435,5,measured cumulative-counter energy,gross and adjacent-idle-subtracted estimates; negative net values retained; domain not whole-system; throughput-block cost
cpu,2304,32,3,E,write,intel-rapl:1,package-0,12.42301786163522,11.583396216897855,12.48449119897959,6.566585390466836,5.880692655861977,6.769419086172557,5,measured cumulative-counter energy,gross and adjacent-idle-subtracted estimates; negative net values retained; domain not whole-system; throughput-block cost
cpu,2304,32,3,E,write,intel-rapl:1:0,dram,0.9573921815889029,0.9405731435643565,0.9679512755102041,-0.20553922842825212,-0.2676330065959035,-0.10161544502031916,5,measured cumulative-counter energy,gross and adjacent-idle-subtracted estimates; negative net values retained; domain not whole-system; throughput-block cost
cpu,2304,32,3,F,read,intel-rapl:0,package-1,11.993333573141488,11.823889078498294,12.205834463276835,6.200225953673675,5.930805010791585,6.705795804662157,5,measured cumulative-counter energy,gross and adjacent-idle-subtracted estimates; negative net values retained; domain not whole-system; throughput-block cost
cpu,2304,32,3,F,read,intel-rapl:0:0,dram,1.3404158134243458,1.3094403333333333,1.415785731414868,0.5797686826058218,0.5014393903134801,0.6800528546188203,5,measured cumulative-counter energy,gross and adjacent-idle-subtracted estimates; negative net values retained; domain not whole-system; throughput-block cost
cpu,2304,32,3,F,read,intel-rapl:1,package-0,11.285763001145474,10.125734357224118,11.63058813559322,5.189854423642585,4.760496181843185,6.408744417662817,5,measured cumulative-counter energy,gross and adjacent-idle-subtracted estimates; negative net values retained; domain not whole-system; throughput-block cost
cpu,2304,32,3,F,read,intel-rapl:1:0,dram,0.8640635949943117,0.8428786666666667,0.9133880095923261,-0.12812961300158543,-0.18091933094300858,-0.1214717233124545,5,measured cumulative-counter energy,gross and adjacent-idle-subtracted estimates; negative net values retained; domain not whole-system; throughput-block cost
cpu,2304,32,3,F,write,intel-rapl:0,package-1,13.15578216957606,12.784391139240507,13.64559419924338,6.7613430290674685,6.540987088513592,7.486742281265198,5,measured cumulative-counter energy,gross and adjacent-idle-subtracted estimates; negative net values retained; domain not whole-system; throughput-block cost
cpu,2304,32,3,F,write,intel-rapl:0:0,dram,1.4823867591424968,1.468914463840399,1.489757088607595,0.6483909315546215,0.554027868019095,0.7108790488734901,5,measured cumulative-counter energy,gross and adjacent-idle-subtracted estimates; negative net values retained; domain not whole-system; throughput-block cost
cpu,2304,32,3,F,write,intel-rapl:1,package-0,12.436715696202532,11.513279020100503,12.82636059850374,6.192227717770218,5.632748586622551,6.731231913305411,5,measured cumulative-counter energy,gross and adjacent-idle-subtracted estimates; negative net values retained; domain not whole-system; throughput-block cost
cpu,2304,32,3,F,write,intel-rapl:1:0,dram,0.9569117276166457,0.9463087281795511,0.9600575949367088,-0.14420270192301982,-0.2036814101561529,-0.12826780990766104,5,measured cumulative-counter energy,gross and adjacent-idle-subtracted estimates; negative net values retained; domain not whole-system; throughput-block cost
cpu,2304,32,3,G,read,intel-rapl:0,package-1,5.865234884965222,5.8450599574014905,6.018378947368421,3.313830270786712,3.207685699505157,3.42489756934018,5,measured cumulative-counter energy,gross and adjacent-idle-subtracted estimates; negative net values retained; domain not whole-system; throughput-block cost
cpu,2304,32,3,G,read,intel-rapl:0:0,dram,0.6306601286173633,0.6271615015974441,0.6563469342251951,0.27935956000511963,0.25110850320518996,0.31450810832380904,5,measured cumulative-counter energy,gross and adjacent-idle-subtracted estimates; negative net values retained; domain not whole-system; throughput-block cost
cpu,2304,32,3,G,read,intel-rapl:1,package-0,5.501421883360085,5.218652452619844,5.640979166666667,3.079222100794293,2.7188996162976182,3.1829408506688606,5,measured cumulative-counter energy,gross and adjacent-idle-subtracted estimates; negative net values retained; domain not whole-system; throughput-block cost
cpu,2304,32,3,G,read,intel-rapl:1:0,dram,0.4067496248660236,0.40428093716719915,0.423826254180602,-0.06744709222383033,-0.13120429776533052,-0.04397047239960433,5,measured cumulative-counter energy,gross and adjacent-idle-subtracted estimates; negative net values retained; domain not whole-system; throughput-block cost
cpu,2304,32,3,G,write,intel-rapl:0,package-1,31.63267857142857,30.125160355029585,31.799344610778444,17.454326443701518,15.439782909035792,17.679237520977427,5,measured cumulative-counter energy,gross and adjacent-idle-subtracted estimates; negative net values retained; domain not whole-system; throughput-block cost
cpu,2304,32,3,G,write,intel-rapl:0:0,dram,3.5048247023809522,3.479917159763314,3.5244835329341315,1.5539734543329382,1.4014505528764787,1.7047139560415772,5,measured cumulative-counter energy,gross and adjacent-idle-subtracted estimates; negative net values retained; domain not whole-system; throughput-block cost
cpu,2304,32,3,G,write,intel-rapl:1,package-0,30.589288988095237,29.097226331360947,30.782380838323355,17.110186961456034,14.122354117253456,17.371167090039275,5,measured cumulative-counter energy,gross and adjacent-idle-subtracted estimates; negative net values retained; domain not whole-system; throughput-block cost
cpu,2304,32,3,G,write,intel-rapl:1:0,dram,2.262642261904762,2.241830177514793,2.274734131736527,-0.3752281091615235,-0.7065872659986724,-0.2458886594752387,5,measured cumulative-counter energy,gross and adjacent-idle-subtracted estimates; negative net values retained; domain not whole-system; throughput-block cost
cuda,144,32,3,A,read,gpu0,GPU board,4.9687730384412845,4.814832285115304,5.71939736346516,-0.022599984134377,-0.4114767803708942,0.09633212340620316,5,measured cumulative-counter energy,gross and adjacent-idle-subtracted estimates; negative net values retained; domain not whole-system; throughput-block cost
cuda,144,32,3,A,write,gpu0,GPU board,5.668779342723004,5.48840830449827,6.39559420289855,0.21428901487504445,-0.315618872566485,0.4906399462108004,5,measured cumulative-counter energy,gross and adjacent-idle-subtracted estimates; negative net values retained; domain not whole-system; throughput-block cost
cuda,144,32,3,B,read,gpu0,GPU board,4.85188679245283,4.794955798231929,4.885301837270341,0.023981922795012885,-0.5319773193602589,0.06699599835364717,5,measured cumulative-counter energy,gross and adjacent-idle-subtracted estimates; negative net values retained; domain not whole-system; throughput-block cost
cuda,144,32,3,B,write,gpu0,GPU board,0.9401727669427375,0.8117409262676861,0.9638820204874603,0.032880916247763445,0.013543236072882443,0.13285838063281524,5,measured cumulative-counter energy,gross and adjacent-idle-subtracted estimates; negative net values retained; domain not whole-system; throughput-block cost
cuda,144,32,3,C,read,gpu0,GPU board,7.269052488070893,6.800068027210885,8.363111111111111,0.19406144932974712,-1.4027165102861952,0.8924453333173467,5,measured cumulative-counter energy,gross and adjacent-idle-subtracted estimates; negative net values retained; domain not whole-system; throughput-block cost
cuda,144,32,3,C,write,gpu0,GPU board,7.854935622317597,7.650816181689141,8.892626346313174,0.6724679750218766,-0.2077285434277244,1.1083181704518485,5,measured cumulative-counter energy,gross and adjacent-idle-subtracted estimates; negative net values retained; domain not whole-system; throughput-block cost
cuda,144,32,3,D,read,gpu0,GPU board,5.373301737756714,4.776079043161727,5.493123359580053,0.48449631524892656,-0.2941467968070087,0.6552917116138277,5,measured cumulative-counter energy,gross and adjacent-idle-subtracted estimates; negative net values retained; domain not whole-system; throughput-block cost
cuda,144,32,3,D,write,gpu0,GPU board,7.583900709219858,7.385248226950354,8.48788368336026,0.9937631686168291,0.45104282539958995,1.2193519504714028,5,measured cumulative-counter energy,gross and adjacent-idle-subtracted estimates; negative net values retained; domain not whole-system; throughput-block cost
cuda,144,32,3,E,read,gpu0,GPU board,6.778202676864245,6.541811175337187,7.551809954751131,0.3079145643285356,-0.0769486436210527,1.0278505414753454,5,measured cumulative-counter energy,gross and adjacent-idle-subtracted estimates; negative net values retained; domain not whole-system; throughput-block cost
cuda,144,32,3,E,write,gpu0,GPU board,4.962921348314607,4.720397111913357,5.595083682008368,0.5794767957864054,0.3152123887655688,0.8649299927422839,5,measured cumulative-counter energy,gross and adjacent-idle-subtracted estimates; negative net values retained; domain not whole-system; throughput-block cost
cuda,144,32,3,F,read,gpu0,GPU board,5.633648790746583,4.865768621236133,6.660200878844947,0.11150823710667694,-0.46422086817840824,0.41314520817990225,5,measured cumulative-counter energy,gross and adjacent-idle-subtracted estimates; negative net values retained; domain not whole-system; throughput-block cost
cuda,144,32,3,F,write,gpu0,GPU board,4.9040449438202245,4.213771016813451,5.487368421052632,0.44572986335896286,0.2873560693089706,0.494074507554211,5,measured cumulative-counter energy,gross and adjacent-idle-subtracted estimates; negative net values retained; domain not whole-system; throughput-block cost
cuda,144,32,3,G,read,gpu0,GPU board,5.599207606973058,5.362257217847769,6.645003353454058,0.12172869713170743,0.025309941179491837,0.8178390807010646,5,measured cumulative-counter energy,gross and adjacent-idle-subtracted estimates; negative net values retained; domain not whole-system; throughput-block cost
cuda,144,32,3,G,write,gpu0,GPU board,10.090536585365854,9.956983240223463,10.128531855955679,0.8599814422780326,0.30653603878975816,1.6200967712761059,5,measured cumulative-counter energy,gross and adjacent-idle-subtracted estimates; negative net values retained; domain not whole-system; throughput-block cost
cuda,2304,32,3,A,read,gpu0,GPU board,5.120655044902271,5.065141955835962,5.678552562070787,0.10680502238437428,-0.29386191454325666,0.17671384454996059,5,measured cumulative-counter energy,gross and adjacent-idle-subtracted estimates; negative net values retained; domain not whole-system; throughput-block cost
cuda,2304,32,3,A,write,gpu0,GPU board,6.334651162790697,6.272547881601858,6.383254156769596,0.7832666441562499,0.11597745838102268,0.8948116704138239,5,measured cumulative-counter energy,gross and adjacent-idle-subtracted estimates; negative net values retained; domain not whole-system; throughput-block cost
cuda,2304,32,3,B,read,gpu0,GPU board,5.100998948475289,5.031964191679831,5.153006329113924,0.1132421045565973,-0.41103999614977615,0.19325229402905333,5,measured cumulative-counter energy,gross and adjacent-idle-subtracted estimates; negative net values retained; domain not whole-system; throughput-block cost
cuda,2304,32,3,B,write,gpu0,GPU board,0.9398550724637681,0.934612317235268,1.042188879082083,0.09994519345752405,0.014065126867415794,0.2116777871274598,5,measured cumulative-counter energy,gross and adjacent-idle-subtracted estimates; negative net values retained; domain not whole-system; throughput-block cost
cuda,2304,32,3,C,read,gpu0,GPU board,7.479260780287475,6.795051546391752,7.583572895277207,0.3492267356910306,-0.33945392647538397,1.0880433047945972,5,measured cumulative-counter energy,gross and adjacent-idle-subtracted estimates; negative net values retained; domain not whole-system; throughput-block cost
cuda,2304,32,3,C,write,gpu0,GPU board,8.35656855707107,8.127793696275072,9.18023346303502,0.9640477690808176,0.6309655940785658,1.59024929712709,5,measured cumulative-counter energy,gross and adjacent-idle-subtracted estimates; negative net values retained; domain not whole-system; throughput-block cost
cuda,2304,32,3,D,read,gpu0,GPU board,5.699894347596408,5.155502136752137,5.741269841269841,0.10205834228935404,-0.5039931865669786,0.7344343411742132,5,measured cumulative-counter energy,gross and adjacent-idle-subtracted estimates; negative net values retained; domain not whole-system; throughput-block cost
cuda,2304,32,3,D,write,gpu0,GPU board,8.458440629470672,8.204232424677189,8.708999280057595,1.0857178212836798,0.6004247704828529,1.4591075138253442,5,measured cumulative-counter energy,gross and adjacent-idle-subtracted estimates; negative net values retained; domain not whole-system; throughput-block cost
cuda,2304,32,3,E,read,gpu0,GPU board,7.078484264611432,6.200127713920818,7.632038834951456,0.39810189466188906,-0.5016015393963037,1.4948423369607142,5,measured cumulative-counter energy,gross and adjacent-idle-subtracted estimates; negative net values retained; domain not whole-system; throughput-block cost
cuda,2304,32,3,E,write,gpu0,GPU board,5.883291645822911,5.789980158730159,6.047554890219561,0.809113454278562,0.5636189259498168,1.188935326421071,5,measured cumulative-counter energy,gross and adjacent-idle-subtracted estimates; negative net values retained; domain not whole-system; throughput-block cost
cuda,2304,32,3,F,read,gpu0,GPU board,5.729535864978903,5.639757767245919,6.009213051823417,0.06642459253826521,-0.5156392955549468,0.7539225901132959,5,measured cumulative-counter energy,gross and adjacent-idle-subtracted estimates; negative net values retained; domain not whole-system; throughput-block cost
cuda,2304,32,3,F,write,gpu0,GPU board,5.938271604938271,5.815069860279441,6.173899371069182,0.735369800010339,0.6712405532823704,1.1126619891659306,5,measured cumulative-counter energy,gross and adjacent-idle-subtracted estimates; negative net values retained; domain not whole-system; throughput-block cost
cuda,2304,32,3,G,read,gpu0,GPU board,5.7545073375262055,5.141851851851852,5.837367303609342,0.1740687669911078,-0.10766043566623743,0.8700600113636867,5,measured cumulative-counter energy,gross and adjacent-idle-subtracted estimates; negative net values retained; domain not whole-system; throughput-block cost
cuda,2304,32,3,G,write,gpu0,GPU board,11.115071090047394,10.889712696941613,11.292093023255815,1.4277338400962412,1.1812212992729048,2.2995935579649593,5,measured cumulative-counter energy,gross and adjacent-idle-subtracted estimates; negative net values retained; domain not whole-system; throughput-block cost
