key,suite,initial_state_index,decision_step,target_step,rgb_mae_0_1,unit
libero_spatial_state_001,libero_spatial,1,0,16,0.013691127492663732,decision nested in selected episode
libero_spatial_state_001,libero_spatial,1,16,32,0.014346858535080699,decision nested in selected episode
libero_spatial_state_001,libero_spatial,1,32,48,0.01458656379218354,decision nested in selected episode
libero_spatial_state_001,libero_spatial,1,48,64,0.015728062058156595,decision nested in selected episode
libero_spatial_state_001,libero_spatial,1,64,80,0.01761222718253968,decision nested in selected episode
libero_spatial_state_010,libero_spatial,10,0,16,0.01244628059557156,decision nested in selected episode
libero_spatial_state_010,libero_spatial,10,16,32,0.01469019899626517,decision nested in selected episode
libero_spatial_state_010,libero_spatial,10,32,48,0.019831969246031745,decision nested in selected episode
libero_spatial_state_010,libero_spatial,10,48,64,0.01735079448446045,decision nested in selected episode
libero_spatial_state_020,libero_spatial,20,0,16,0.01167391435740963,decision nested in selected episode
libero_spatial_state_020,libero_spatial,20,16,32,0.014686343287314926,decision nested in selected episode
libero_spatial_state_020,libero_spatial,20,32,48,0.021148094654528476,decision nested in selected episode
libero_spatial_state_020,libero_spatial,20,48,64,0.01562062324929972,decision nested in selected episode
libero_spatial_state_030,libero_spatial,30,0,16,0.013012496665332798,decision nested in selected episode
libero_spatial_state_030,libero_spatial,30,16,32,0.016054442610377483,decision nested in selected episode
libero_spatial_state_030,libero_spatial,30,32,48,0.017447734302054155,decision nested in selected episode
libero_spatial_state_030,libero_spatial,30,48,64,0.017459952731092437,decision nested in selected episode
libero_spatial_state_040,libero_spatial,40,0,16,0.011301030828998266,decision nested in selected episode
libero_spatial_state_040,libero_spatial,40,16,32,0.014443850456849403,decision nested in selected episode
libero_spatial_state_040,libero_spatial,40,32,48,0.013591035372482326,decision nested in selected episode
libero_spatial_state_040,libero_spatial,40,48,64,0.014008051137121514,decision nested in selected episode
libero_object_state_001,libero_object,1,0,16,0.01614596359377084,decision nested in selected episode
libero_object_state_001,libero_object,1,16,32,0.01653525993730826,decision nested in selected episode
libero_object_state_001,libero_object,1,32,48,0.019612402252567693,decision nested in selected episode
libero_object_state_001,libero_object,1,48,64,0.020216341745031344,decision nested in selected episode
libero_object_state_001,libero_object,1,64,80,0.017329145199746564,decision nested in selected episode
libero_object_state_001,libero_object,1,80,96,0.017831768123916236,decision nested in selected episode
libero_object_state_001,libero_object,1,96,112,0.0185343668717487,decision nested in selected episode
libero_object_state_001,libero_object,1,112,128,0.01909003184607176,decision nested in selected episode
libero_object_state_001,libero_object,1,128,144,0.019226648992930504,decision nested in selected episode
libero_object_state_010,libero_object,10,0,16,0.016552115637921836,decision nested in selected episode
libero_object_state_010,libero_object,10,16,32,0.01755235948546085,decision nested in selected episode
libero_object_state_010,libero_object,10,32,48,0.0180531587635054,decision nested in selected episode
libero_object_state_010,libero_object,10,48,64,0.021064206932773107,decision nested in selected episode
libero_object_state_010,libero_object,10,64,80,0.018915691276510604,decision nested in selected episode
libero_object_state_010,libero_object,10,80,96,0.01738768424036281,decision nested in selected episode
libero_object_state_010,libero_object,10,96,112,0.018631306689342403,decision nested in selected episode
libero_object_state_010,libero_object,10,112,128,0.019002991821728692,decision nested in selected episode
libero_object_state_020,libero_object,20,0,16,0.01855888188608777,decision nested in selected episode
libero_object_state_020,libero_object,20,16,32,0.01689232984860611,decision nested in selected episode
libero_object_state_020,libero_object,20,32,48,0.021878022042150193,decision nested in selected episode
libero_object_state_020,libero_object,20,48,64,0.020520447762438308,decision nested in selected episode
libero_object_state_020,libero_object,20,64,80,0.019069476749032945,decision nested in selected episode
libero_object_state_020,libero_object,20,80,96,0.019285526710684273,decision nested in selected episode
libero_object_state_020,libero_object,20,96,112,0.020061305772308923,decision nested in selected episode
libero_object_state_020,libero_object,20,112,128,0.021925645258103237,decision nested in selected episode
libero_object_state_030,libero_object,30,0,16,0.0171703056222489,decision nested in selected episode
libero_object_state_030,libero_object,30,16,32,0.016372408338335333,decision nested in selected episode
libero_object_state_030,libero_object,30,32,48,0.019716011404561824,decision nested in selected episode
libero_object_state_030,libero_object,30,48,64,0.018317769816259835,decision nested in selected episode
libero_object_state_030,libero_object,30,64,80,0.019788175686941443,decision nested in selected episode
libero_object_state_030,libero_object,30,80,96,0.018161926228824864,decision nested in selected episode
libero_object_state_030,libero_object,30,96,112,0.01925098164265706,decision nested in selected episode
libero_object_state_030,libero_object,30,112,128,0.02810058919401093,decision nested in selected episode
libero_object_state_040,libero_object,40,0,16,0.01810013067727091,decision nested in selected episode
libero_object_state_040,libero_object,40,16,32,0.018478485144057623,decision nested in selected episode
libero_object_state_040,libero_object,40,32,48,0.018177296960450846,decision nested in selected episode
libero_object_state_040,libero_object,40,48,64,0.019031544909630518,decision nested in selected episode
libero_object_state_040,libero_object,40,64,80,0.016485578606442577,decision nested in selected episode
libero_object_state_040,libero_object,40,80,96,0.018146294976323862,decision nested in selected episode
libero_object_state_040,libero_object,40,96,112,0.019079011813058558,decision nested in selected episode
libero_object_state_040,libero_object,40,112,128,0.03176609185340803,decision nested in selected episode
libero_goal_state_001,libero_goal,1,0,16,0.013070514664199012,decision nested in selected episode
libero_goal_state_001,libero_goal,1,16,32,0.014644659947312257,decision nested in selected episode
libero_goal_state_001,libero_goal,1,32,48,0.02028926153794851,decision nested in selected episode
libero_goal_state_001,libero_goal,1,48,64,0.015821771416900093,decision nested in selected episode
libero_goal_state_001,libero_goal,1,64,80,0.0220718756252501,decision nested in selected episode
libero_goal_state_001,libero_goal,1,80,96,0.02598357051153795,decision nested in selected episode
libero_goal_state_001,libero_goal,1,96,112,0.018288070436507934,decision nested in selected episode
libero_goal_state_010,libero_goal,10,0,16,0.01265016423235961,decision nested in selected episode
libero_goal_state_010,libero_goal,10,16,32,0.01652582908163265,decision nested in selected episode
libero_goal_state_010,libero_goal,10,32,48,0.019823867046818728,decision nested in selected episode
libero_goal_state_010,libero_goal,10,48,64,0.018719753526410563,decision nested in selected episode
libero_goal_state_010,libero_goal,10,64,80,0.019977470154728557,decision nested in selected episode
libero_goal_state_010,libero_goal,10,80,96,0.036187443727491,decision nested in selected episode
libero_goal_state_010,libero_goal,10,96,112,0.027210728041216485,decision nested in selected episode
libero_goal_state_020,libero_goal,20,0,16,0.012572763480392156,decision nested in selected episode
libero_goal_state_020,libero_goal,20,16,32,0.013294797085500867,decision nested in selected episode
libero_goal_state_020,libero_goal,20,32,48,0.015936192185207414,decision nested in selected episode
libero_goal_state_020,libero_goal,20,48,64,0.016764023317660394,decision nested in selected episode
libero_goal_state_020,libero_goal,20,64,80,0.01715378859877284,decision nested in selected episode
libero_goal_state_020,libero_goal,20,80,96,0.018724937891823393,decision nested in selected episode
libero_goal_state_020,libero_goal,20,96,112,0.023336912890156065,decision nested in selected episode
libero_goal_state_030,libero_goal,30,0,16,0.012209388963918901,decision nested in selected episode
libero_goal_state_030,libero_goal,30,16,32,0.018200848047552353,decision nested in selected episode
libero_goal_state_030,libero_goal,30,32,48,0.023176353874883284,decision nested in selected episode
libero_goal_state_030,libero_goal,30,48,64,0.02205111211151127,decision nested in selected episode
libero_goal_state_030,libero_goal,30,64,80,0.019301757161197815,decision nested in selected episode
libero_goal_state_030,libero_goal,30,80,96,0.024282994447779115,decision nested in selected episode
libero_goal_state_040,libero_goal,40,0,16,0.013538227791116447,decision nested in selected episode
libero_goal_state_040,libero_goal,40,16,32,0.01855658930238762,decision nested in selected episode
libero_goal_state_040,libero_goal,40,32,48,0.02543421014239029,decision nested in selected episode
libero_goal_state_040,libero_goal,40,48,64,0.014537768232292919,decision nested in selected episode
libero_goal_state_040,libero_goal,40,64,80,0.038385406245831664,decision nested in selected episode
libero_goal_state_040,libero_goal,40,80,96,0.02575186324529812,decision nested in selected episode
