cells,rank,payload_bytes,consumers,reuse,arm,stored_payload_bytes,serialized_metadata_bytes,resident_map_bytes,accounted_resident_bytes,max_adapter_payload_bytes,median_total_us,ci_low,ci_high,median_write_us,read_p50_us,read_p95_us,read_p99_us,blocks,scope,energy_mJ
36,16,2304,1,1,A,2304,16,0,2320,0,2.667,2.6260000000000003,2.834,0.542,2.125,2.125,2.125,9,CPU synthetic smoke,
36,16,2304,1,1,B,2304,16,0,2320,0,2.7089999999999996,2.625,2.792,0.5,2.167,2.167,2.167,9,CPU synthetic smoke,
36,16,2304,1,1,C,2304,52,288,2644,2304,5.584,5.5,5.9990000000000006,2.292,3.292,3.292,3.292,9,CPU synthetic smoke,
36,16,2304,1,1,D,2304,52,288,2644,2048,8.333,8.25,8.917,2.333,6.0,6.0,6.0,9,CPU synthetic smoke,
36,16,2304,1,1,E,2304,16,0,2320,0,5.0,4.958,5.375,2.75,2.291,2.291,2.291,9,CPU synthetic smoke,
36,16,2304,1,1,F,2304,16,0,2320,0,5.0009999999999994,4.958,5.292,2.709,2.292,2.292,2.292,9,CPU synthetic smoke,
36,16,2304,1,1,G,2304,16,0,2320,0,5.208,5.125,5.708,3.0,2.209,2.209,2.209,9,CPU synthetic smoke,
36,16,2304,1,2,A,2304,16,0,2320,0,4.709,4.667,4.833,0.583,2.0835,2.11875,2.12375,9,CPU synthetic smoke,
36,16,2304,1,2,B,2304,16,0,2320,0,4.791,4.667,5.0,0.542,2.125,2.1628,2.1661599999999996,9,CPU synthetic smoke,
36,16,2304,1,2,C,2304,52,288,2644,2304,8.791,8.667,8.999,2.333,3.229,3.3226,3.3309200000000003,9,CPU synthetic smoke,
36,16,2304,1,2,D,2304,52,288,2644,2048,14.083,13.959,14.542,2.333,5.8955,5.98955,5.99791,9,CPU synthetic smoke,
36,16,2304,1,2,E,2304,16,0,2320,0,7.291,7.083,7.416,2.791,2.25,2.2878,2.29059,9,CPU synthetic smoke,
36,16,2304,1,2,F,2304,16,0,2320,0,7.166,7.0009999999999994,7.25,2.75,2.208,2.24585,2.24917,9,CPU synthetic smoke,
36,16,2304,1,2,G,2304,16,0,2320,0,7.291,7.2490000000000006,7.3759999999999994,3.0,2.1465,2.20275,2.20775,9,CPU synthetic smoke,
36,16,2304,1,4,A,2304,16,0,2320,0,8.708,8.667,8.918,0.583,2.0415,2.083,2.083,9,CPU synthetic smoke,
36,16,2304,1,4,B,2304,16,0,2320,0,8.75,8.584,8.917,0.542,2.0625,2.08385,2.08397,9,CPU synthetic smoke,
36,16,2304,1,4,C,2304,52,288,2644,2304,14.667,14.542,15.0,2.291,3.0625,3.2188,3.24376,9,CPU synthetic smoke,
36,16,2304,1,4,D,2304,52,288,2644,2048,25.583,25.375999999999998,25.751,2.292,5.792,5.98125,5.99625,9,CPU synthetic smoke,
36,16,2304,1,4,E,2304,16,0,2320,0,11.125,10.999,11.416,2.667,2.0835,2.23125,2.24625,9,CPU synthetic smoke,
36,16,2304,1,4,F,2304,16,0,2320,0,11.166,11.0,11.626,2.708,2.104,2.23125,2.24625,9,CPU synthetic smoke,
36,16,2304,1,4,G,2304,16,0,2320,0,11.293,11.166,11.626,2.917,2.0625,2.2249499999999998,2.24499,9,CPU synthetic smoke,
36,16,2304,1,8,A,2304,16,0,2320,0,17.372999999999998,16.625,17.666999999999998,0.583,2.083,2.1523,2.1640599999999997,9,CPU synthetic smoke,
36,16,2304,1,8,B,2304,16,0,2320,0,17.582,16.46,17.749,0.583,2.1045,2.167,2.167,9,CPU synthetic smoke,
36,16,2304,1,8,C,2304,52,288,2644,2304,28.168,26.542,28.999,2.375,3.208,3.4124999999999996,3.4825,9,CPU synthetic smoke,
36,16,2304,1,8,D,2304,52,288,2644,2048,48.542,47.5,51.25,2.375,5.75,6.0624,6.17888,9,CPU synthetic smoke,
36,16,2304,1,8,E,2304,16,0,2320,0,20.333,19.25,20.667,2.833,2.1455,2.33125,2.36625,9,CPU synthetic smoke,
36,16,2304,1,8,F,2304,16,0,2320,0,20.124000000000002,19.082,20.541,2.791,2.083,2.31655,2.36331,9,CPU synthetic smoke,
36,16,2304,1,8,G,2304,16,0,2320,0,20.168,19.124000000000002,21.041999999999998,3.042,2.0835,2.27555,2.32231,9,CPU synthetic smoke,
36,16,2304,1,16,A,2304,16,0,2320,0,31.959000000000003,31.833000000000002,32.208,0.542,1.9585,2.0105,2.0357,9,CPU synthetic smoke,
36,16,2304,1,16,B,2304,16,0,2320,0,32.291,32.086,32.417,0.542,1.959,2.042,2.042,9,CPU synthetic smoke,
36,16,2304,1,16,C,2304,52,288,2644,2304,49.708,49.582,49.915,2.25,2.9375,3.1255,3.1964,9,CPU synthetic smoke,
36,16,2304,1,16,D,2304,52,288,2644,2048,92.375,91.791,92.78999999999999,2.292,5.584,5.84325,5.9625,9,CPU synthetic smoke,
36,16,2304,1,16,E,2304,16,0,2320,0,35.168,34.835,35.415,2.708,2.0,2.15625,2.23125,9,CPU synthetic smoke,
36,16,2304,1,16,F,2304,16,0,2320,0,35.21,35.001,35.251,2.708,2.0,2.1255,2.23125,9,CPU synthetic smoke,
36,16,2304,1,16,G,2304,16,0,2320,0,34.793,34.502,34.877,2.958,1.9585,2.115,2.1894,9,CPU synthetic smoke,
36,16,2304,1,32,A,2304,16,0,2320,0,67.919,62.667,69.793,0.625,2.0,2.18545,2.26596,9,CPU synthetic smoke,
36,16,2304,1,32,B,2304,16,0,2320,0,68.08,63.666,75.585,0.542,2.0835,2.2269,2.25,9,CPU synthetic smoke,
36,16,2304,1,32,C,2304,52,288,2644,2304,105.085,97.334,110.42,2.541,3.0625,3.3939,3.53154,9,CPU synthetic smoke,
36,16,2304,1,32,D,2304,52,288,2644,2048,196.793,182.208,207.335,2.459,5.75,6.43545,7.3277100000000015,9,CPU synthetic smoke,
36,16,2304,1,32,E,2304,16,0,2320,0,69.336,67.249,74.958,2.958,2.042,2.18545,2.32323,9,CPU synthetic smoke,
36,16,2304,1,32,F,2304,16,0,2320,0,69.169,67.249,73.875,2.875,2.083,2.1849,2.2949400000000004,9,CPU synthetic smoke,
36,16,2304,1,32,G,2304,16,0,2320,0,69.459,66.502,74.834,3.125,2.0,2.3108999999999997,2.5920600000000005,9,CPU synthetic smoke,
36,16,2304,1,64,A,2304,16,0,2320,0,127.04299999999999,126.0,127.626,0.625,1.959,2.042,2.09854,9,CPU synthetic smoke,
36,16,2304,1,64,B,2304,16,0,2320,0,127.963,126.461,135.129,0.542,1.9795,2.08385,2.167,9,CPU synthetic smoke,
36,16,2304,1,64,C,2304,52,288,2644,2304,192.918,191.043,203.171,2.459,2.959,3.084,3.259499999999999,9,CPU synthetic smoke,
36,16,2304,1,64,D,2304,52,288,2644,2048,364.339,359.33700000000005,396.29200000000003,2.458,5.625,5.785699999999999,5.967499999999999,9,CPU synthetic smoke,
36,16,2304,1,64,E,2304,16,0,2320,0,131.877,131.499,133.456,2.791,2.0,2.084,2.2126199999999994,9,CPU synthetic smoke,
36,16,2304,1,64,F,2304,16,0,2320,0,132.959,132.335,134.292,2.792,2.0205,2.1188499999999997,2.3071699999999997,9,CPU synthetic smoke,
36,16,2304,1,64,G,2304,16,0,2320,0,130.45499999999998,128.748,133.462,3.125,2.0,2.083,2.1867899999999993,9,CPU synthetic smoke,
36,16,2304,1,128,A,2304,16,0,2320,0,267.546,256.875,282.631,0.666,2.0625,2.167,2.25,9,CPU synthetic smoke,
36,16,2304,1,128,B,2304,16,0,2320,0,269.45900000000006,254.713,308.79400000000004,0.583,2.084,2.167,2.209,9,CPU synthetic smoke,
36,16,2304,1,128,C,2304,52,288,2644,2304,411.881,396.17,432.297,2.542,3.125,3.25,4.2162500000000005,9,CPU synthetic smoke,
36,16,2304,1,128,D,2304,52,288,2644,2048,777.376,762.458,822.961,2.584,5.917,6.167,7.95873,9,CPU synthetic smoke,
36,16,2304,1,128,E,2304,16,0,2320,0,274.92199999999997,262.046,292.70399999999995,3.167,2.084,2.208,2.334,9,CPU synthetic smoke,
36,16,2304,1,128,F,2304,16,0,2320,0,287.34,261.795,291.044,3.125,2.125,2.2356499999999997,2.454910000000001,9,CPU synthetic smoke,
36,16,2304,1,128,G,2304,16,0,2320,0,271.46599999999995,257.253,308.08099999999996,3.292,2.083,2.167,2.542,9,CPU synthetic smoke,
36,16,2304,3,1,A,6912,48,0,6960,0,7.749,7.667,7.875,1.209,2.166,2.2416,2.24832,9,CPU synthetic smoke,
36,16,2304,3,1,B,2304,16,0,2320,0,7.084,7.083,7.208,0.583,2.167,2.2417,2.24834,9,CPU synthetic smoke,
36,16,2304,3,1,C,2304,52,864,3220,2304,13.125,13.001,13.248,3.167,3.291,3.4709,3.49418,9,CPU synthetic smoke,
36,16,2304,3,1,D,2304,52,864,3220,2048,21.749000000000002,21.5,22.291,3.208,6.125,6.386900000000001,6.41018,9,CPU synthetic smoke,
36,16,2304,3,1,E,2304,16,0,2320,2304,11.708,11.625,11.834999999999999,2.875,3.208,3.2416,3.24832,9,CPU synthetic smoke,
36,16,2304,3,1,F,2304,16,0,2320,2304,11.791,11.584,11.875,2.875,3.208,3.25,3.25,9,CPU synthetic smoke,
36,16,2304,3,1,G,6912,48,0,6960,0,12.625,12.541,12.875,5.875,2.208,2.3625,2.3725,9,CPU synthetic smoke,
36,16,2304,3,2,A,6912,48,0,6960,0,14.0,13.917,14.793,1.25,2.125,2.21875,2.24375,9,CPU synthetic smoke,
36,16,2304,3,2,B,2304,16,0,2320,0,13.334,13.292,13.501,0.542,2.1045,2.19775,2.20595,9,CPU synthetic smoke,
36,16,2304,3,2,C,2304,52,864,3220,2304,22.791,22.458,22.999,3.167,3.229,3.45825,3.49165,9,CPU synthetic smoke,
36,16,2304,3,2,D,2304,52,864,3220,2048,39.958,39.666000000000004,40.123,3.25,6.0625,6.374750000000001,6.44135,9,CPU synthetic smoke,
36,16,2304,3,2,E,2304,16,0,2320,2304,20.5,20.416999999999998,20.709000000000003,2.917,3.208,3.302,3.3268000000000004,9,CPU synthetic smoke,
36,16,2304,3,2,F,2304,16,0,2320,2304,20.5,20.374000000000002,20.585,2.917,3.208,3.2815,3.2899,9,CPU synthetic smoke,
36,16,2304,3,2,G,6912,48,0,6960,0,19.042,18.958,19.168,5.959,2.1455,2.36475,2.4065499999999997,9,CPU synthetic smoke,
36,16,2304,3,4,A,6912,48,0,6960,0,26.835,26.625,29.167,1.209,2.125,2.22745,2.24549,9,CPU synthetic smoke,
36,16,2304,3,4,B,2304,16,0,2320,0,26.084,24.627000000000002,26.290999999999997,0.583,2.125,2.2269,2.24538,9,CPU synthetic smoke,
36,16,2304,3,4,C,2304,52,864,3220,2304,41.626000000000005,41.331,42.123999999999995,3.167,3.167,3.3708,3.4725,9,CPU synthetic smoke,
36,16,2304,3,4,D,2304,52,864,3220,2048,75.582,75.541,78.0,3.209,6.0,6.2417,6.3475,9,CPU synthetic smoke,
36,16,2304,3,4,E,2304,16,0,2320,2304,37.418000000000006,37.168,37.834,2.917,3.125,3.2689,3.2873799999999997,9,CPU synthetic smoke,
36,16,2304,3,4,F,2304,16,0,2320,2304,37.583999999999996,36.96,38.208,2.958,3.1665,3.25,3.25,9,CPU synthetic smoke,
36,16,2304,3,4,G,6912,48,0,6960,0,31.876,31.625,32.04,5.958,2.125,2.28735,2.3567400000000003,9,CPU synthetic smoke,
36,16,2304,3,8,A,6912,48,0,6960,0,52.086000000000006,51.833000000000006,52.415,1.208,2.1045,2.20185,2.25,9,CPU synthetic smoke,
36,16,2304,3,8,B,2304,16,0,2320,0,51.497,51.166000000000004,53.831,0.583,2.125,2.208,2.209,9,CPU synthetic smoke,
36,16,2304,3,8,C,2304,52,864,3220,2304,78.917,78.79,79.582,3.167,3.125,3.25,3.41016,9,CPU synthetic smoke,
36,16,2304,3,8,D,2304,52,864,3220,2048,147.457,146.797,148.582,3.291,5.9795,6.20185,6.36893,9,CPU synthetic smoke,
36,16,2304,3,8,E,2304,16,0,2320,2304,71.628,71.24799999999999,71.918,2.917,3.125,3.25,3.28157,9,CPU synthetic smoke,
36,16,2304,3,8,F,2304,16,0,2320,2304,71.666,71.044,72.08500000000001,3.0,3.125,3.209,3.27268,9,CPU synthetic smoke,
36,16,2304,3,8,G,6912,48,0,6960,0,56.917,56.581,57.207,6.0,2.1045,2.2027,2.33682,9,CPU synthetic smoke,
36,16,2304,3,16,A,6912,48,0,6960,0,101.999,101.545,106.96,1.25,2.083,2.19365,2.3385100000000003,9,CPU synthetic smoke,
36,16,2304,3,16,B,2304,16,0,2320,0,102.794,101.666,108.58800000000001,0.584,2.084,2.208,2.7302600000000004,9,CPU synthetic smoke,
36,16,2304,3,16,C,2304,52,864,3220,2304,155.416,153.793,169.833,3.25,3.166,3.25,3.4655000000000005,9,CPU synthetic smoke,
36,16,2304,3,16,D,2304,52,864,3220,2048,293.707,289.375,304.91999999999996,3.292,5.959,6.19365,6.515000000000001,9,CPU synthetic smoke,
36,16,2304,3,16,E,2304,16,0,2320,2304,142.207,139.879,146.37,2.959,3.125,3.25,3.35573,9,CPU synthetic smoke,
36,16,2304,3,16,F,2304,16,0,2320,2304,140.293,139.331,150.121,3.0,3.125,3.25,3.292,9,CPU synthetic smoke,
36,16,2304,3,16,G,6912,48,0,6960,0,107.875,106.92,114.38,6.125,2.084,2.208,2.36024,9,CPU synthetic smoke,
36,16,2304,3,32,A,6912,48,0,6960,0,200.713,199.629,203.791,1.25,2.083,2.166,2.2131499999999997,9,CPU synthetic smoke,
36,16,2304,3,32,B,2304,16,0,2320,0,201.79,199.621,204.246,0.583,2.083,2.167,2.2520499999999997,9,CPU synthetic smoke,
36,16,2304,3,32,C,2304,52,864,3220,2304,303.582,301.59000000000003,318.75,3.333,3.125,3.209,3.2645999999999993,9,CPU synthetic smoke,
36,16,2304,3,32,D,2304,52,864,3220,2048,571.003,568.668,579.7479999999999,3.333,5.916,6.05225,6.2982499999999995,9,CPU synthetic smoke,
36,16,2304,3,32,E,2304,16,0,2320,2304,276.085,273.126,278.418,3.0,3.125,3.21925,3.29105,9,CPU synthetic smoke,
36,16,2304,3,32,F,2304,16,0,2320,2304,275.67,272.671,276.251,3.041,3.125,3.20825,3.2562499999999996,9,CPU synthetic smoke,
36,16,2304,3,32,G,6912,48,0,6960,0,205.167,203.995,207.74699999999999,6.042,2.083,2.16625,2.292,9,CPU synthetic smoke,
36,16,2304,3,64,A,6912,48,0,6960,0,401.457,399.09499999999997,408.543,1.292,2.083,2.167,2.25,9,CPU synthetic smoke,
36,16,2304,3,64,B,2304,16,0,2320,0,401.665,399.62100000000004,629.9209999999999,0.583,2.083,2.167,2.2117800000000005,9,CPU synthetic smoke,
36,16,2304,3,64,C,2304,52,864,3220,2304,605.586,598.968,608.6659999999999,3.333,3.125,3.209,3.3825600000000002,9,CPU synthetic smoke,
36,16,2304,3,64,D,2304,52,864,3220,2048,1149.4550000000002,1141.9550000000002,1153.96,3.375,5.958,6.125,6.2574700000000005,9,CPU synthetic smoke,
36,16,2304,3,64,E,2304,16,0,2320,2304,546.384,544.668,554.87,3.083,3.084,3.2274499999999997,3.29569,9,CPU synthetic smoke,
36,16,2304,3,64,F,2304,16,0,2320,2304,546.506,543.206,547.136,3.083,3.125,3.209,3.29569,9,CPU synthetic smoke,
36,16,2304,3,64,G,6912,48,0,6960,0,406.421,403.996,414.95,6.291,2.083,2.1664499999999998,2.21647,9,CPU synthetic smoke,
36,16,2304,3,128,A,6912,48,0,6960,0,811.592,791.46,816.047,1.291,2.083,2.2018499999999985,2.500500000000004,9,CPU synthetic smoke,
36,16,2304,3,128,B,2304,16,0,2320,0,820.1759999999999,803.6370000000001,843.793,0.625,2.083,2.167,2.460000000000008,9,CPU synthetic smoke,
36,16,2304,3,128,C,2304,52,864,3220,2304,1212.046,1197.201,1334.473,3.333,3.125,3.25,4.125,9,CPU synthetic smoke,
36,16,2304,3,128,D,2304,52,864,3220,2048,2299.451,2283.797,2453.911,3.542,5.917,6.167,7.764280000000001,9,CPU synthetic smoke,
36,16,2304,3,128,E,2304,16,0,2320,2304,1089.305,1085.871,1279.335,3.083,3.084,3.20885,3.2989700000000006,9,CPU synthetic smoke,
36,16,2304,3,128,F,2304,16,0,2320,2304,1102.384,1090.627,1138.162,3.084,3.125,3.209,4.125,9,CPU synthetic smoke,
36,16,2304,3,128,G,6912,48,0,6960,0,819.543,810.001,832.835,6.375,2.084,2.20885,2.708,9,CPU synthetic smoke,
144,64,36864,1,1,A,36864,16,0,36880,0,7.291,7.2490000000000006,7.375,1.542,5.75,5.75,5.75,9,CPU synthetic smoke,
144,64,36864,1,1,B,36864,16,0,36880,0,7.2490000000000006,7.084,7.25,1.458,5.709,5.709,5.709,9,CPU synthetic smoke,
144,64,36864,1,1,C,36864,160,1152,38176,36864,12.333,12.125,12.375,3.833,8.417,8.417,8.417,9,CPU synthetic smoke,
144,64,36864,1,1,D,36864,160,1152,38176,8192,22.583,22.415999999999997,22.75,3.75,18.833,18.833,18.833,9,CPU synthetic smoke,
144,64,36864,1,1,E,36864,16,0,36880,0,11.542,11.375,11.707,5.417,6.084,6.084,6.084,9,CPU synthetic smoke,
144,64,36864,1,1,F,36864,16,0,36880,0,11.5,11.376,11.667,5.458,6.083,6.083,6.083,9,CPU synthetic smoke,
144,64,36864,1,1,G,36864,16,0,36880,0,11.958,11.667,12.583,5.833,6.125,6.125,6.125,9,CPU synthetic smoke,
144,64,36864,1,2,A,36864,16,0,36880,0,13.541,13.332,13.667,1.459,6.0415,6.2669999999999995,6.287,9,CPU synthetic smoke,
144,64,36864,1,2,B,36864,16,0,36880,0,13.626,13.459,13.792,1.417,6.0625,6.35415,6.37083,9,CPU synthetic smoke,
144,64,36864,1,2,C,36864,160,1152,38176,36864,20.585,20.458,20.708000000000002,3.792,8.3955,8.4149,8.41658,9,CPU synthetic smoke,
144,64,36864,1,2,D,36864,160,1152,38176,8192,40.708,40.625,43.123999999999995,3.625,18.5415,18.69855,18.70691,9,CPU synthetic smoke,
144,64,36864,1,2,E,36864,16,0,36880,0,17.958,17.75,18.125,5.542,6.2085,6.32145,6.33149,9,CPU synthetic smoke,
144,64,36864,1,2,F,36864,16,0,36880,0,18.041,17.75,20.583,5.541,6.2085,6.28685,6.29033,9,CPU synthetic smoke,
144,64,36864,1,2,G,36864,16,0,36880,0,18.332,18.249000000000002,18.416,5.834,6.2085,6.2878,6.29116,9,CPU synthetic smoke,
144,64,36864,1,4,A,36864,16,0,36880,0,26.167,25.792,26.333999999999996,1.5,6.271,6.36255,6.37251,9,CPU synthetic smoke,
144,64,36864,1,4,B,36864,16,0,36880,0,26.042,25.999,26.124000000000002,1.458,6.229,6.3624,6.37248,9,CPU synthetic smoke,
144,64,36864,1,4,C,36864,160,1152,38176,36864,37.334,37.123999999999995,37.5,3.792,8.375,8.45255,8.45771,9,CPU synthetic smoke,
144,64,36864,1,4,D,36864,160,1152,38176,8192,77.416,77.043,77.582,3.625,18.375,18.7062,18.74124,9,CPU synthetic smoke,
144,64,36864,1,4,E,36864,16,0,36880,0,30.46,30.292,30.875,5.458,6.312,6.4044,6.41448,9,CPU synthetic smoke,
144,64,36864,1,4,F,36864,16,0,36880,0,30.46,30.291,31.167,5.5,6.2915,6.36885,6.37377,9,CPU synthetic smoke,
144,64,36864,1,4,G,36864,16,0,36880,0,31.042,30.792,31.374000000000002,5.792,6.3125,6.417,6.417,9,CPU synthetic smoke,
144,64,36864,1,8,A,36864,16,0,36880,0,50.833999999999996,50.543,51.041,1.5,6.229,6.3603,6.37213,9,CPU synthetic smoke,
144,64,36864,1,8,B,36864,16,0,36880,0,50.793,50.291000000000004,57.707,1.458,6.229,6.292,6.292,9,CPU synthetic smoke,
144,64,36864,1,8,C,36864,160,1152,38176,36864,69.959,69.667,70.084,3.833,8.249500000000001,8.4146,8.44932,9,CPU synthetic smoke,
144,64,36864,1,8,D,36864,160,1152,38176,8192,151.041,149.585,152.334,3.708,18.229,18.79385,18.99237,9,CPU synthetic smoke,
144,64,36864,1,8,E,36864,16,0,36880,0,55.584,55.373999999999995,55.833,5.5,6.2705,6.41665,6.41693,9,CPU synthetic smoke,
144,64,36864,1,8,F,36864,16,0,36880,0,55.457,55.25,55.958,5.459,6.25,6.375,6.375,9,CPU synthetic smoke,
144,64,36864,1,8,G,36864,16,0,36880,0,55.668000000000006,55.25,55.876000000000005,5.834,6.208,6.333,6.333,9,CPU synthetic smoke,
144,64,36864,1,16,A,36864,16,0,36880,0,102.75,101.29,111.75,1.5,6.292,6.58325,6.58385,9,CPU synthetic smoke,
144,64,36864,1,16,B,36864,16,0,36880,0,102.91499999999999,101.587,103.626,1.5,6.333,6.5,6.5294,9,CPU synthetic smoke,
144,64,36864,1,16,C,36864,160,1152,38176,36864,138.167,135.959,138.791,3.916,8.333,8.58325,8.61255,9,CPU synthetic smoke,
144,64,36864,1,16,D,36864,160,1152,38176,8192,303.249,297.74899999999997,307.08599999999996,3.708,18.4375,19.27075,19.620549999999998,9,CPU synthetic smoke,
144,64,36864,1,16,E,36864,16,0,36880,0,107.041,105.417,112.21000000000001,5.5,6.375,6.59425,6.61885,9,CPU synthetic smoke,
144,64,36864,1,16,F,36864,16,0,36880,0,110.12700000000001,105.833,111.376,5.666,6.4375,6.698,6.7724,9,CPU synthetic smoke,
144,64,36864,1,16,G,36864,16,0,36880,0,107.664,105.542,112.499,5.916,6.334,6.562,6.6124,9,CPU synthetic smoke,
144,64,36864,1,32,A,36864,16,0,36880,0,200.212,199.086,202.99699999999999,1.666,6.1875,6.41235,6.55727,9,CPU synthetic smoke,
144,64,36864,1,32,B,36864,16,0,36880,0,201.539,198.792,214.834,1.541,6.25,6.4128,6.48729,9,CPU synthetic smoke,
144,64,36864,1,32,C,36864,160,1152,38176,36864,267.504,266.79299999999995,273.459,3.875,8.25,8.41235,8.47396,9,CPU synthetic smoke,
144,64,36864,1,32,D,36864,160,1152,38176,8192,592.3340000000001,588.125,610.7479999999999,3.791,18.292,18.68545,18.995730000000002,9,CPU synthetic smoke,
144,64,36864,1,32,E,36864,16,0,36880,0,206.419,205.291,219.833,5.583,6.25,6.459,6.57354,9,CPU synthetic smoke,
144,64,36864,1,32,F,36864,16,0,36880,0,205.124,204.335,209.374,5.625,6.25,6.43545,6.45869,9,CPU synthetic smoke,
144,64,36864,1,32,G,36864,16,0,36880,0,205.253,203.8,217.915,5.916,6.209,6.3892500000000005,6.51627,9,CPU synthetic smoke,
144,64,36864,1,64,A,36864,16,0,36880,0,399.42,395.584,407.998,1.625,6.208,6.375,6.43217,9,CPU synthetic smoke,
144,64,36864,1,64,B,36864,16,0,36880,0,400.419,397.21000000000004,417.876,1.542,6.209,6.417,6.541370000000001,9,CPU synthetic smoke,
144,64,36864,1,64,C,36864,160,1152,38176,36864,533.921,525.2510000000001,552.375,4.292,8.2085,8.5581,8.76554,9,CPU synthetic smoke,
144,64,36864,1,64,D,36864,160,1152,38176,8192,1183.748,1161.377,1193.377,4.25,18.416,18.89195,19.681789999999996,9,CPU synthetic smoke,
144,64,36864,1,64,E,36864,16,0,36880,0,411.377,402.61800000000005,428.12,5.709,6.292,6.6187,6.80717,9,CPU synthetic smoke,
144,64,36864,1,64,F,36864,16,0,36880,0,414.50199999999995,402.53900000000004,420.289,5.708,6.2705,6.625,6.80691,9,CPU synthetic smoke,
144,64,36864,1,64,G,36864,16,0,36880,0,414.455,406.37399999999997,417.125,5.958,6.292,6.542,6.79625,9,CPU synthetic smoke,
144,64,36864,1,128,A,36864,16,0,36880,0,841.2900000000001,788.912,871.671,1.625,6.542,6.833,6.875,9,CPU synthetic smoke,
144,64,36864,1,128,B,36864,16,0,36880,0,808.4630000000001,787.592,868.043,1.542,6.209,6.375,6.44766,9,CPU synthetic smoke,
144,64,36864,1,128,C,36864,160,1152,38176,36864,1125.2839999999999,1038.9550000000002,1134.7869999999998,5.541,8.542,8.79165,9.11366,9,CPU synthetic smoke,
144,64,36864,1,128,D,36864,160,1152,38176,8192,2470.716,2329.5060000000003,2708.796,5.208,19.021,19.481149999999996,24.39077,9,CPU synthetic smoke,
144,64,36864,1,128,E,36864,16,0,36880,0,851.132,796.545,894.754,5.875,6.375,6.83365,6.94739,9,CPU synthetic smoke,
144,64,36864,1,128,F,36864,16,0,36880,0,865.4979999999999,798.749,898.2800000000001,5.917,6.666,6.91665,7.0,9,CPU synthetic smoke,
144,64,36864,1,128,G,36864,16,0,36880,0,864.247,802.7099999999999,937.797,6.292,6.625,6.90165,7.0912500000000005,9,CPU synthetic smoke,
144,64,36864,3,1,A,110592,48,0,110640,0,22.334,21.875999999999998,24.334,3.792,6.334,6.375,6.375,9,CPU synthetic smoke,
144,64,36864,3,1,B,36864,16,0,36880,0,19.833,19.75,20.083,1.5,6.208,6.3247,6.33134,9,CPU synthetic smoke,
144,64,36864,3,1,C,36864,160,3456,40480,36864,29.832,29.54,30.958,4.959,8.291,8.329699999999999,8.33314,9,CPU synthetic smoke,
144,64,36864,3,1,D,36864,160,3456,40480,8192,60.625,60.498999999999995,62.041,4.75,18.583,18.8836,18.910320000000002,9,CPU synthetic smoke,
144,64,36864,3,1,E,36864,16,0,36880,36864,28.292,28.0,28.416,5.375,8.25,8.321399999999999,8.331479999999999,9,CPU synthetic smoke,
144,64,36864,3,1,F,36864,16,0,36880,36864,28.124000000000002,27.917,28.542,5.416,8.208,8.2827,8.289340000000001,9,CPU synthetic smoke,
144,64,36864,3,1,G,110592,48,0,110640,0,30.875,30.624000000000002,31.5,11.917,6.333,6.4708,6.49416,9,CPU synthetic smoke,
144,64,36864,3,2,A,110592,48,0,110640,0,44.044,43.625,44.292,4.042,6.75,6.86475,6.87295,9,CPU synthetic smoke,
144,64,36864,3,2,B,36864,16,0,36880,0,41.416,41.125,41.875,1.666,6.6875,6.85425,6.87085,9,CPU synthetic smoke,
144,64,36864,3,2,C,36864,160,3456,40480,36864,57.667,57.001000000000005,58.208999999999996,5.166,8.708,8.88575,8.91075,9,CPU synthetic smoke,
144,64,36864,3,2,D,36864,160,3456,40480,8192,123.708,123.21000000000001,125.58500000000001,5.042,19.7705,20.19775,20.30595,9,CPU synthetic smoke,
144,64,36864,3,2,E,36864,16,0,36880,36864,53.623999999999995,53.291,53.876000000000005,5.75,8.646,8.843250000000001,8.87295,9,CPU synthetic smoke,
144,64,36864,3,2,F,36864,16,0,36880,36864,53.707,53.540000000000006,54.166,5.708,8.6875,8.88475,8.90975,9,CPU synthetic smoke,
144,64,36864,3,2,G,110592,48,0,110640,0,53.041000000000004,52.667,55.875,12.417,6.7705,6.96875,6.99375,9,CPU synthetic smoke,
144,64,36864,3,4,A,110592,48,0,110640,0,85.29,83.834,86.543,4.167,6.7915,6.9769,6.99538,9,CPU synthetic smoke,
144,64,36864,3,4,B,36864,16,0,36880,0,82.958,81.582,83.542,1.583,6.7085,7.06045,7.07849,9,CPU synthetic smoke,
144,64,36864,3,4,C,36864,160,3456,40480,36864,110.249,109.917,110.543,5.208,8.7295,8.97745,8.99549,9,CPU synthetic smoke,
144,64,36864,3,4,D,36864,160,3456,40480,8192,240.082,238.792,241.0,5.084,19.5205,19.93765,20.185760000000002,9,CPU synthetic smoke,
144,64,36864,3,4,E,36864,16,0,36880,36864,101.666,100.084,101.875,5.666,8.708,8.91235,8.94887,9,CPU synthetic smoke,
144,64,36864,3,4,F,36864,16,0,36880,36864,101.833,100.832,102.083,5.667,8.6665,8.90815,8.95349,9,CPU synthetic smoke,
144,64,36864,3,4,G,110592,48,0,110640,0,93.873,92.999,94.291,12.584,6.7295,6.88505,6.97701,9,CPU synthetic smoke,
144,64,36864,3,8,A,110592,48,0,110640,0,164.874,163.623,166.165,4.208,6.7085,6.9044,6.958,9,CPU synthetic smoke,
144,64,36864,3,8,B,36864,16,0,36880,0,163.582,162.03900000000002,169.333,1.667,6.708,6.95185,7.0962499999999995,9,CPU synthetic smoke,
144,64,36864,3,8,C,36864,160,3456,40480,36864,213.786,211.957,231.583,5.167,8.6455,8.8277,8.900500000000001,9,CPU synthetic smoke,
144,64,36864,3,8,D,36864,160,3456,40480,8192,484.581,471.707,513.795,5.125,19.396,24.139399999999988,26.63018,9,CPU synthetic smoke,
144,64,36864,3,8,E,36864,16,0,36880,36864,195.124,194.458,197.042,5.791,8.5835,8.75,8.85591,9,CPU synthetic smoke,
144,64,36864,3,8,F,36864,16,0,36880,36864,197.54,195.875,202.248,5.75,8.625,8.875,9.05425,9,CPU synthetic smoke,
144,64,36864,3,8,G,110592,48,0,110640,0,174.081,172.582,180.541,12.75,6.708,6.8687,6.93891,9,CPU synthetic smoke,
144,64,36864,3,16,A,110592,48,0,110640,0,329.04400000000004,324.25100000000003,345.877,4.334,6.667,6.88795,8.933990000000001,9,CPU synthetic smoke,
144,64,36864,3,16,B,36864,16,0,36880,0,323.035,320.78799999999995,340.582,1.625,6.666,6.86065,7.7120000000000015,9,CPU synthetic smoke,
144,64,36864,3,16,C,36864,160,3456,40480,36864,417.915,415.875,437.25199999999995,5.166,8.583,8.83125,8.91952,9,CPU synthetic smoke,
144,64,36864,3,16,D,36864,160,3456,40480,8192,934.794,931.29,951.251,5.125,19.333,19.595950000000002,20.130750000000003,9,CPU synthetic smoke,
144,64,36864,3,16,E,36864,16,0,36880,36864,383.037,381.503,422.707,5.833,8.583,8.8183,8.87752,9,CPU synthetic smoke,
144,64,36864,3,16,F,36864,16,0,36880,36864,383.33,381.66299999999995,408.959,5.75,8.541,8.81865,8.93873,9,CPU synthetic smoke,
144,64,36864,3,16,G,110592,48,0,110640,0,336.165,334.085,347.167,13.084,6.667,6.875,7.14925,9,CPU synthetic smoke,
144,64,36864,3,32,A,110592,48,0,110640,0,644.371,606.583,722.6619999999999,4.041,6.334,7.01025,9.1333,9,CPU synthetic smoke,
144,64,36864,3,32,B,36864,16,0,36880,0,618.7900000000001,598.4590000000001,691.084,1.542,6.333,6.8855,8.804499999999999,9,CPU synthetic smoke,
144,64,36864,3,32,C,36864,160,3456,40480,36864,834.996,782.59,913.005,5.167,8.5,10.625,10.9223,9,CPU synthetic smoke,
144,64,36864,3,32,D,36864,160,3456,40480,8192,1977.298,1801.375,2135.248,5.166,18.5415,25.26025,25.59855,9,CPU synthetic smoke,
144,64,36864,3,32,E,36864,16,0,36880,36864,844.129,759.875,883.455,5.75,8.292,11.5105,11.67325,9,CPU synthetic smoke,
144,64,36864,3,32,F,36864,16,0,36880,36864,777.833,710.711,866.0799999999999,5.583,8.209,8.8435,11.75205,9,CPU synthetic smoke,
144,64,36864,3,32,G,110592,48,0,110640,0,654.12,606.881,724.212,12.625,6.6455,6.8855,7.0020999999999995,9,CPU synthetic smoke,
144,64,36864,3,64,A,110592,48,0,110640,0,1197.199,1190.665,1217.417,4.125,6.208,6.39345,6.5074700000000005,9,CPU synthetic smoke,
144,64,36864,3,64,B,36864,16,0,36880,0,1208.3960000000002,1194.086,1230.711,1.584,6.25,6.477449999999999,7.146940000000003,9,CPU synthetic smoke,
144,64,36864,3,64,C,36864,160,3456,40480,36864,1570.0849999999998,1549.074,1695.612,5.5,8.125,8.292,8.919780000000001,9,CPU synthetic smoke,
144,64,36864,3,64,D,36864,160,3456,40480,8192,3539.123,3477.7110000000002,3817.667,4.958,18.208,18.625,20.29869,9,CPU synthetic smoke,
144,64,36864,3,64,E,36864,16,0,36880,36864,1434.878,1414.915,1532.249,5.75,8.0205,8.26845,8.551220000000006,9,CPU synthetic smoke,
144,64,36864,3,64,F,36864,16,0,36880,36864,1443.122,1415.409,1655.252,5.667,8.041,8.309899999999999,11.199840000000002,9,CPU synthetic smoke,
144,64,36864,3,64,G,110592,48,0,110640,0,1218.077,1206.041,1255.37,12.292,6.25,6.4354499999999994,6.6955000000000044,9,CPU synthetic smoke,
144,64,36864,3,128,A,110592,48,0,110640,0,2587.2129999999997,2500.0750000000003,2726.2490000000003,4.833,6.584,6.875,8.736390000000004,9,CPU synthetic smoke,
144,64,36864,3,128,B,36864,16,0,36880,0,2575.007,2499.543,2653.502,1.792,6.625,6.875,7.063250000000002,9,CPU synthetic smoke,
144,64,36864,3,128,C,36864,160,3456,40480,36864,3370.4500000000003,3303.925,3421.287,6.875,8.584,8.910699999999999,12.097280000000001,9,CPU synthetic smoke,
144,64,36864,3,128,D,36864,160,3456,40480,8192,7481.032,7352.214,7785.498,6.75,19.292,19.75,24.79022000000006,9,CPU synthetic smoke,
144,64,36864,3,128,E,36864,16,0,36880,36864,3054.542,2871.833,3242.264,6.167,8.458,8.909849999999999,9.340140000000002,9,CPU synthetic smoke,
144,64,36864,3,128,F,36864,16,0,36880,36864,3274.663,3032.456,3449.4840000000004,6.875,8.541,8.916,12.507140000000001,9,CPU synthetic smoke,
144,64,36864,3,128,G,110592,48,0,110640,0,2563.534,2482.964,2599.832,14.875,6.584,6.833,7.04117,9,CPU synthetic smoke,
1024,8,32768,1,1,A,32768,16,0,32784,0,7.208,7.166,7.3759999999999994,1.583,5.667,5.667,5.667,9,CPU synthetic smoke,
1024,8,32768,1,1,B,32768,16,0,32784,0,7.541,7.458,7.625,1.792,5.75,5.75,5.75,9,CPU synthetic smoke,
1024,8,32768,1,1,C,32768,2064,8192,43024,32768,25.041,24.792,27.583,10.416,14.625,14.625,14.625,9,CPU synthetic smoke,
1024,8,32768,1,1,D,32768,2064,8192,43024,1024,104.708,103.917,107.499,10.459,93.667,93.667,93.667,9,CPU synthetic smoke,
1024,8,32768,1,1,E,32768,16,0,32784,0,23.208000000000002,22.875,26.375999999999998,17.375,5.916,5.916,5.916,9,CPU synthetic smoke,
1024,8,32768,1,1,F,32768,16,0,32784,0,23.042,22.875,26.082,17.167,5.917,5.917,5.917,9,CPU synthetic smoke,
1024,8,32768,1,1,G,32768,16,0,32784,0,24.083000000000002,23.959000000000003,27.208000000000002,18.292,5.833,5.833,5.833,9,CPU synthetic smoke,
1024,8,32768,1,2,A,32768,16,0,32784,0,13.293,12.792,13.541,1.541,5.8965,6.1747000000000005,6.20134,9,CPU synthetic smoke,
1024,8,32768,1,2,B,32768,16,0,32784,0,13.667,13.418,13.709,1.75,5.9375,6.21875,6.24375,9,CPU synthetic smoke,
1024,8,32768,1,2,C,32768,2064,8192,43024,32768,39.457,37.918,39.666,10.416,14.5205,14.53895,14.54059,9,CPU synthetic smoke,
1024,8,32768,1,2,D,32768,2064,8192,43024,1024,196.458,195.334,198.999,10.375,92.979,93.5253,93.53866000000001,9,CPU synthetic smoke,
1024,8,32768,1,2,E,32768,16,0,32784,0,29.457,29.291000000000004,30.125,17.167,6.125,6.3122,6.3288400000000005,9,CPU synthetic smoke,
1024,8,32768,1,2,F,32768,16,0,32784,0,29.333,28.083,29.625999999999998,17.125,6.084,6.1964999999999995,6.20592,9,CPU synthetic smoke,
1024,8,32768,1,2,G,32768,16,0,32784,0,30.334,30.208,30.750999999999998,18.25,6.0835,6.1964999999999995,6.206499999999999,9,CPU synthetic smoke,
1024,8,32768,1,4,A,32768,16,0,32784,0,25.750999999999998,25.5,75.0,1.584,6.1465,6.2963499999999994,6.32647,9,CPU synthetic smoke,
1024,8,32768,1,4,B,32768,16,0,32784,0,26.0,25.584,45.71,1.584,6.208,6.2437,6.24874,9,CPU synthetic smoke,
1024,8,32768,1,4,C,32768,2064,8192,43024,32768,77.624,68.54,214.209,11.375,14.75,15.19375,15.23875,9,CPU synthetic smoke,
1024,8,32768,1,4,D,32768,2064,8192,43024,1024,415.166,384.16700000000003,623.2489999999999,11.0,95.4995,115.70004999999999,118.44001,9,CPU synthetic smoke,
1024,8,32768,1,4,E,32768,16,0,32784,0,45.083,41.625,106.583,20.5,6.146,6.37235,6.4072700000000005,9,CPU synthetic smoke,
1024,8,32768,1,4,F,32768,16,0,32784,0,44.126,41.917,54.748999999999995,19.375,6.146,6.4152,6.45024,9,CPU synthetic smoke,
1024,8,32768,1,4,G,32768,16,0,32784,0,48.584,43.041,69.001,23.042,6.271,6.4268,6.45176,9,CPU synthetic smoke,
1024,8,32768,1,8,A,32768,16,0,32784,0,50.752,49.416,53.585,1.667,6.0835,6.30185,6.328119999999999,9,CPU synthetic smoke,
1024,8,32768,1,8,B,32768,16,0,32784,0,50.5,50.083,54.917,1.542,6.125,6.42445,6.49412,9,CPU synthetic smoke,
1024,8,32768,1,8,C,32768,2064,8192,43024,32768,131.625,126.666,143.209,11.583,14.5625,15.52085,15.870569999999999,9,CPU synthetic smoke,
1024,8,32768,1,8,D,32768,2064,8192,43024,1024,776.25,769.417,815.4569999999999,13.042,94.6665,98.80615,99.02763,9,CPU synthetic smoke,
1024,8,32768,1,8,E,32768,16,0,32784,0,67.666,66.501,75.709,17.917,6.1665,6.33365,6.36625,9,CPU synthetic smoke,
1024,8,32768,1,8,F,32768,16,0,32784,0,69.124,66.417,73.417,18.25,6.0625,6.4146,6.44932,9,CPU synthetic smoke,
1024,8,32768,1,8,G,32768,16,0,32784,0,69.249,67.501,79.084,19.125,6.166,6.3183,6.3300600000000005,9,CPU synthetic smoke,
1024,8,32768,1,16,A,32768,16,0,32784,0,101.331,99.705,113.332,1.791,6.125,6.65625,6.73125,9,CPU synthetic smoke,
1024,8,32768,1,16,B,32768,16,0,32784,0,99.96,98.625,102.082,1.5,6.1665,6.292,6.35625,9,CPU synthetic smoke,
1024,8,32768,1,16,C,32768,2064,8192,43024,32768,255.041,245.499,276.122,16.667,14.4585,15.8435,17.668699999999998,9,CPU synthetic smoke,
1024,8,32768,1,16,D,32768,2064,8192,43024,1024,1531.128,1516.501,1614.123,11.458,93.958,99.59425,102.55005,9,CPU synthetic smoke,
1024,8,32768,1,16,E,32768,16,0,32784,0,118.748,116.376,124.664,19.0,6.1455,6.30225,6.32685,9,CPU synthetic smoke,
1024,8,32768,1,16,F,32768,16,0,32784,0,126.585,117.33500000000001,131.625,17.917,6.229,6.53125,6.60625,9,CPU synthetic smoke,
1024,8,32768,1,16,G,32768,16,0,32784,0,125.501,120.375,137.667,23.292,6.125,6.615,6.6894,9,CPU synthetic smoke,
1024,8,32768,1,32,A,32768,16,0,32784,0,201.754,193.622,225.956,1.75,6.1875,6.5,6.61523,9,CPU synthetic smoke,
1024,8,32768,1,32,B,32768,16,0,32784,0,215.335,197.581,220.59,1.709,6.25,6.4769,7.377560000000001,9,CPU synthetic smoke,
1024,8,32768,1,32,C,32768,2064,8192,43024,32768,489.707,476.583,526.79,13.167,14.458,16.01425,18.3255,9,CPU synthetic smoke,
1024,8,32768,1,32,D,32768,2064,8192,43024,1024,3179.666,3045.502,3459.711,13.208,94.458,114.71889999999999,132.96427,9,CPU synthetic smoke,
1024,8,32768,1,32,E,32768,16,0,32784,0,231.042,219.831,239.54,23.416,6.291,7.089699999999999,7.793750000000003,9,CPU synthetic smoke,
1024,8,32768,1,32,F,32768,16,0,32784,0,229.756,223.919,245.455,24.208,6.25,6.6628,6.86848,9,CPU synthetic smoke,
1024,8,32768,1,32,G,32768,16,0,32784,0,224.585,221.579,246.542,24.958,6.25,6.5,6.64096,9,CPU synthetic smoke,
1024,8,32768,1,64,A,32768,16,0,32784,0,423.666,395.46299999999997,539.7479999999999,1.75,6.25,7.674899999999992,15.332499999999994,9,CPU synthetic smoke,
1024,8,32768,1,64,B,32768,16,0,32784,0,418.041,398.329,445.627,1.708,6.1875,7.666049999999996,13.307829999999996,9,CPU synthetic smoke,
1024,8,32768,1,64,C,32768,2064,8192,43024,32768,1030.381,952.6669999999999,1133.167,22.167,14.625,20.428499999999996,32.316289999999995,9,CPU synthetic smoke,
1024,8,32768,1,64,D,32768,2064,8192,43024,1024,6526.043,6121.0,7939.29,29.583,95.0205,122.98129999999998,156.39941,9,CPU synthetic smoke,
1024,8,32768,1,64,E,32768,16,0,32784,0,632.2940000000001,430.129,854.629,28.125,6.2085,22.27684999999999,35.54499999999999,9,CPU synthetic smoke,
1024,8,32768,1,64,F,32768,16,0,32784,0,438.50199999999995,426.288,474.917,31.666,6.084,6.48755,8.798579999999992,9,CPU synthetic smoke,
1024,8,32768,1,64,G,32768,16,0,32784,0,448.711,422.586,465.71400000000006,31.416,6.167,7.009949999999999,10.459669999999997,9,CPU synthetic smoke,
1024,8,32768,1,128,A,32768,16,0,32784,0,773.9670000000001,746.6719999999999,856.374,1.708,6.042,6.31865,6.747980000000003,9,CPU synthetic smoke,
1024,8,32768,1,128,B,32768,16,0,32784,0,796.322,776.546,1038.837,1.667,6.1045,6.773149999999998,8.068840000000002,9,CPU synthetic smoke,
1024,8,32768,1,128,C,32768,2064,8192,43024,32768,1880.63,1815.663,2054.785,20.125,14.375,16.15209999999999,18.78864,9,CPU synthetic smoke,
1024,8,32768,1,128,D,32768,2064,8192,43024,1024,12140.255,12035.375,12605.838000000002,18.209,93.604,103.21929999999999,117.01241,9,CPU synthetic smoke,
1024,8,32768,1,128,E,32768,16,0,32784,0,810.7479999999999,775.255,838.711,21.0,6.042,6.5,7.366340000000004,9,CPU synthetic smoke,
1024,8,32768,1,128,F,32768,16,0,32784,0,813.004,779.2180000000001,958.7479999999999,21.792,6.084,7.135199999999998,8.560590000000001,9,CPU synthetic smoke,
1024,8,32768,1,128,G,32768,16,0,32784,0,869.8739999999999,797.628,977.336,24.167,6.042,7.097799999999993,8.26932,9,CPU synthetic smoke,
1024,8,32768,3,1,A,98304,48,0,98352,0,22.125,20.75,22.875,4.0,6.042,6.0789,6.08218,9,CPU synthetic smoke,
1024,8,32768,3,1,B,32768,16,0,32784,0,18.708,18.209999999999997,19.918,1.459,5.833,5.9464,5.95648,9,CPU synthetic smoke,
1024,8,32768,3,1,C,32768,2064,24576,59408,32768,57.709,54.5,61.167,13.25,14.625,14.8542,14.87084,9,CPU synthetic smoke,
1024,8,32768,3,1,D,32768,2064,24576,59408,1024,289.041,281.459,301.208,13.25,90.25,94.3458,94.46916,9,CPU synthetic smoke,
1024,8,32768,3,1,E,32768,16,0,32784,32768,52.876000000000005,50.292,57.251,17.292,14.709,14.8206,14.83052,9,CPU synthetic smoke,
1024,8,32768,3,1,F,32768,16,0,32784,32768,52.292,50.042,55.75,17.25,14.417,14.5664,14.57968,9,CPU synthetic smoke,
1024,8,32768,3,1,G,98304,48,0,98352,0,55.581999999999994,55.417,62.209,38.0,6.125,6.2038,6.20716,9,CPU synthetic smoke,
1024,8,32768,3,2,A,98304,48,0,98352,0,39.21,38.044000000000004,41.084,3.625,5.938,6.104,6.1208,9,CPU synthetic smoke,
1024,8,32768,3,2,B,32768,16,0,32784,0,37.126000000000005,36.5,39.625,1.417,5.9585,6.15675,6.19855,9,CPU synthetic smoke,
1024,8,32768,3,2,C,32768,2064,24576,59408,32768,97.832,96.125,101.167,13.0,14.000499999999999,14.25025,14.28365,9,CPU synthetic smoke,
1024,8,32768,3,2,D,32768,2064,24576,59408,1024,551.917,547.3750000000001,601.7099999999999,13.166,89.6875,90.81225,91.12885,9,CPU synthetic smoke,
1024,8,32768,3,2,E,32768,16,0,32784,32768,84.083,83.626,87.125,16.583,13.8955,14.1665,14.1997,9,CPU synthetic smoke,
1024,8,32768,3,2,F,32768,16,0,32784,32768,84.874,83.792,89.875,16.625,13.875,14.09375,14.11875,9,CPU synthetic smoke,
1024,8,32768,3,2,G,98304,48,0,98352,0,73.749,72.834,79.12299999999999,38.042,6.1045,6.26,6.284800000000001,9,CPU synthetic smoke,
1024,8,32768,3,4,A,98304,48,0,98352,0,74.956,73.04299999999999,78.916,3.667,6.0,6.1019,6.14863,9,CPU synthetic smoke,
1024,8,32768,3,4,B,32768,16,0,32784,0,72.542,70.959,77.75,1.416,5.9165,6.11715,6.19063,9,CPU synthetic smoke,
1024,8,32768,3,4,C,32768,2064,24576,59408,32768,187.541,181.207,188.502,13.25,14.041,14.4266,14.51812,9,CPU synthetic smoke,
1024,8,32768,3,4,D,32768,2064,24576,59408,1024,1132.6229999999998,1117.75,1152.333,13.875,91.479,98.08749999999999,99.5175,9,CPU synthetic smoke,
1024,8,32768,3,4,E,32768,16,0,32784,32768,153.916,152.582,162.709,17.458,14.021,14.5747,14.64774,9,CPU synthetic smoke,
1024,8,32768,3,4,F,32768,16,0,32784,32768,154.545,151.875,171.418,17.0,14.042,14.46905,14.56101,9,CPU synthetic smoke,
1024,8,32768,3,4,G,98304,48,0,98352,0,112.085,108.333,118.458,38.417,6.0415,6.30625,6.32849,9,CPU synthetic smoke,
1024,8,32768,3,8,A,98304,48,0,98352,0,162.5,153.042,176.918,4.417,6.292,7.160699999999999,7.29482,9,CPU synthetic smoke,
1024,8,32768,3,8,B,32768,16,0,32784,0,151.169,146.623,188.209,1.625,6.2085,6.6598500000000005,6.67016,9,CPU synthetic smoke,
1024,8,32768,3,8,C,32768,2064,24576,59408,32768,390.002,362.16799999999995,403.168,14.459,14.646,18.116049999999994,19.54841,9,CPU synthetic smoke,
1024,8,32768,3,8,D,32768,2064,24576,59408,1024,2315.165,2207.002,2735.709,15.417,95.146,99.59365,101.58157,9,CPU synthetic smoke,
1024,8,32768,3,8,E,32768,16,0,32784,32768,314.08500000000004,299.582,327.581,20.875,14.417,15.02955,15.37782,9,CPU synthetic smoke,
1024,8,32768,3,8,F,32768,16,0,32784,32768,322.544,303.125,365.96000000000004,26.917,14.625,15.881349999999998,16.453409999999998,9,CPU synthetic smoke,
1024,8,32768,3,8,G,98304,48,0,98352,0,200.084,189.208,229.459,44.917,6.208,6.885649999999999,7.39748,9,CPU synthetic smoke,
1024,8,32768,3,16,A,98304,48,0,98352,0,301.624,295.539,337.16700000000003,4.084,6.208,6.625,6.806470000000001,9,CPU synthetic smoke,
1024,8,32768,3,16,B,32768,16,0,32784,0,303.956,283.95899999999995,326.458,1.5,6.2915,6.7353,7.3370000000000015,9,CPU synthetic smoke,
1024,8,32768,3,16,C,32768,2064,24576,59408,32768,718.875,684.6640000000001,821.9159999999999,14.791,14.6045,14.98565,15.14726,9,CPU synthetic smoke,
1024,8,32768,3,16,D,32768,2064,24576,59408,1024,4544.416,4414.75,4698.125,13.25,91.083,97.04595,111.48726,9,CPU synthetic smoke,
1024,8,32768,3,16,E,32768,16,0,32784,32768,593.502,558.082,609.124,17.833,13.958,15.1919,15.46099,9,CPU synthetic smoke,
1024,8,32768,3,16,F,32768,16,0,32784,32768,585.705,557.6650000000001,612.4590000000001,17.291,13.958,15.0683,17.462240000000005,9,CPU synthetic smoke,
1024,8,32768,3,16,G,98304,48,0,98352,0,344.708,317.71000000000004,354.207,39.5,5.9375,6.527299999999999,7.616230000000002,9,CPU synthetic smoke,
1024,8,32768,3,32,A,98304,48,0,98352,0,592.246,584.246,734.201,4.292,6.042,6.667,7.9327,9,CPU synthetic smoke,
1024,8,32768,3,32,B,32768,16,0,32784,0,598.712,592.833,602.834,1.875,6.083,6.582750000000001,7.868749999999993,9,CPU synthetic smoke,
1024,8,32768,3,32,C,32768,2064,24576,59408,32768,1447.912,1420.827,1644.792,22.625,14.5,16.99975,18.17535,9,CPU synthetic smoke,
1024,8,32768,3,32,D,32768,2064,24576,59408,1024,9368.499,9085.491,9532.663999999999,18.167,94.0,99.99000000000001,161.37289999999993,9,CPU synthetic smoke,
1024,8,32768,3,32,E,32768,16,0,32784,32768,1167.501,1116.666,1204.4940000000001,22.042,14.375,15.05225,18.740199999999998,9,CPU synthetic smoke,
1024,8,32768,3,32,F,32768,16,0,32784,32768,1207.588,1111.833,1482.33,25.0,14.458,15.90625,19.499399999999966,9,CPU synthetic smoke,
1024,8,32768,3,32,G,98304,48,0,98352,0,662.5440000000001,616.125,708.712,44.042,6.125,6.8755,8.3875,9,CPU synthetic smoke,
1024,8,32768,3,64,A,98304,48,0,98352,0,1172.837,1091.416,1223.8200000000002,3.917,6.083,6.4354499999999994,6.995530000000001,9,CPU synthetic smoke,
1024,8,32768,3,64,B,32768,16,0,32784,0,1185.3339999999998,1093.873,1306.551,1.583,6.042,6.352449999999999,7.685720000000001,9,CPU synthetic smoke,
1024,8,32768,3,64,C,32768,2064,24576,59408,32768,2788.412,2680.58,2810.124,17.5,14.333,14.64345,18.92725,9,CPU synthetic smoke,
1024,8,32768,3,64,D,32768,2064,24576,59408,1024,18221.952,18006.087,18414.827999999998,14.958,93.458,99.22224999999997,110.00444000000007,9,CPU synthetic smoke,
1024,8,32768,3,64,E,32768,16,0,32784,32768,2283.5389999999998,2255.704,2443.785,22.709,14.375,15.041,19.039970000000007,9,CPU synthetic smoke,
1024,8,32768,3,64,F,32768,16,0,32784,32768,2268.209,2118.829,2292.243,20.791,14.292,14.643899999999999,14.88247,9,CPU synthetic smoke,
1024,8,32768,3,64,G,98304,48,0,98352,0,1289.123,1164.497,1338.126,51.084,6.1455,6.5,8.33769,9,CPU synthetic smoke,
1024,8,32768,3,128,A,98304,48,0,98352,0,2335.418,2185.618,2409.652,4.25,5.917,6.291,7.493530000000003,9,CPU synthetic smoke,
1024,8,32768,3,128,B,32768,16,0,32784,0,2341.1600000000003,2174.743,2358.837,1.75,5.709,6.291,6.9327800000000135,9,CPU synthetic smoke,
1024,8,32768,3,128,C,32768,2064,24576,59408,32768,5600.326,5293.124,5910.918,31.25,14.334,14.709,20.465000000000032,9,CPU synthetic smoke,
1024,8,32768,3,128,D,32768,2064,24576,59408,1024,36130.412,34314.886,36713.208999999995,23.375,93.083,97.97049999999997,114.38889000000013,9,CPU synthetic smoke,
1024,8,32768,3,128,E,32768,16,0,32784,32768,4523.4980000000005,4238.406,4671.042,32.125,14.292,14.5,18.266610000000014,9,CPU synthetic smoke,
1024,8,32768,3,128,F,32768,16,0,32784,32768,4492.920999999999,4366.333,4539.63,30.333,13.833,14.5,15.89361000000002,9,CPU synthetic smoke,
1024,8,32768,3,128,G,98304,48,0,98352,0,2421.486,2221.544,2455.8689999999997,59.333,5.791,6.333,7.914360000000019,9,CPU synthetic smoke,
