cells,rank,payload_bytes,consumers,reuse,comparison,median_difference_us,ci_low,ci_high,winner,inference
36,16,2304,1,1,E minus C,-0.6259999999999994,-0.7920000000000007,-0.45700000000000074,E,"exploratory pointwise block bootstrap; small n, hot synthetic record, no practical margin"
36,16,2304,1,1,G minus C,-0.2919999999999998,-0.5,-0.29100000000000037,G,"exploratory pointwise block bootstrap; small n, hot synthetic record, no practical margin"
36,16,2304,1,1,G minus F,0.16699999999999982,0.12400000000000055,0.41600000000000037,F,"exploratory pointwise block bootstrap; small n, hot synthetic record, no practical margin"
36,16,2304,1,2,E minus C,-1.6259999999999994,-1.7080000000000002,-1.3330000000000002,E,"exploratory pointwise block bootstrap; small n, hot synthetic record, no practical margin"
36,16,2304,1,2,G minus C,-1.4580000000000002,-1.6679999999999993,-1.3320000000000007,G,"exploratory pointwise block bootstrap; small n, hot synthetic record, no practical margin"
36,16,2304,1,2,G minus F,0.16600000000000037,0.125,0.2510000000000012,F,"exploratory pointwise block bootstrap; small n, hot synthetic record, no practical margin"
36,16,2304,1,4,E minus C,-3.4990000000000006,-3.6679999999999993,-3.417,E,"exploratory pointwise block bootstrap; small n, hot synthetic record, no practical margin"
36,16,2304,1,4,G minus C,-3.375,-3.542,-3.25,G,"exploratory pointwise block bootstrap; small n, hot synthetic record, no practical margin"
36,16,2304,1,4,G minus F,0.0,-0.041999999999999815,0.29299999999999926,unresolved,"exploratory pointwise block bootstrap; small n, hot synthetic record, no practical margin"
36,16,2304,1,8,E minus C,-7.834000000000003,-8.331999999999997,-7.084999999999997,E,"exploratory pointwise block bootstrap; small n, hot synthetic record, no practical margin"
36,16,2304,1,8,G minus C,-7.459,-8.249999999999996,-7.125999999999998,G,"exploratory pointwise block bootstrap; small n, hot synthetic record, no practical margin"
36,16,2304,1,8,G minus F,0.12399999999999878,-0.21099999999999852,0.7929999999999993,unresolved,"exploratory pointwise block bootstrap; small n, hot synthetic record, no practical margin"
36,16,2304,1,16,E minus C,-14.708999999999996,-14.998000000000005,-14.207,E,"exploratory pointwise block bootstrap; small n, hot synthetic record, no practical margin"
36,16,2304,1,16,G minus C,-15.122,-15.207,-14.622,G,"exploratory pointwise block bootstrap; small n, hot synthetic record, no practical margin"
36,16,2304,1,16,G minus F,-0.45600000000000307,-0.5810000000000031,-0.25,G,"exploratory pointwise block bootstrap; small n, hot synthetic record, no practical margin"
36,16,2304,1,32,E minus C,-30.918000000000006,-37.92,-30.085000000000008,E,"exploratory pointwise block bootstrap; small n, hot synthetic record, no practical margin"
36,16,2304,1,32,G minus C,-31.82499999999999,-39.66499999999999,-30.665000000000006,G,"exploratory pointwise block bootstrap; small n, hot synthetic record, no practical margin"
36,16,2304,1,32,G minus F,-1.1659999999999968,-2.4939999999999998,1.5389999999999873,unresolved,"exploratory pointwise block bootstrap; small n, hot synthetic record, no practical margin"
36,16,2304,1,64,E minus C,-60.96000000000001,-71.005,-59.417,E,"exploratory pointwise block bootstrap; small n, hot synthetic record, no practical margin"
36,16,2304,1,64,G minus C,-63.58699999999999,-70.75299999999999,-62.46300000000002,G,"exploratory pointwise block bootstrap; small n, hot synthetic record, no practical margin"
36,16,2304,1,64,G minus F,-2.415999999999997,-4.170000000000016,-0.5409999999999968,G,"exploratory pointwise block bootstrap; small n, hot synthetic record, no practical margin"
36,16,2304,1,128,E minus C,-137.127,-157.37500000000006,-119.37199999999996,E,"exploratory pointwise block bootstrap; small n, hot synthetic record, no practical margin"
36,16,2304,1,128,G minus C,-138.91700000000003,-148.92200000000003,-126.37399999999994,G,"exploratory pointwise block bootstrap; small n, hot synthetic record, no practical margin"
36,16,2304,1,128,G minus F,-5.541999999999973,-19.70799999999997,6.127999999999929,unresolved,"exploratory pointwise block bootstrap; small n, hot synthetic record, no practical margin"
36,16,2304,3,1,E minus C,-1.3339999999999996,-1.5809999999999995,-1.2089999999999996,E,"exploratory pointwise block bootstrap; small n, hot synthetic record, no practical margin"
36,16,2304,3,1,G minus C,-0.4189999999999987,-0.5419999999999998,-0.20800000000000018,G,"exploratory pointwise block bootstrap; small n, hot synthetic record, no practical margin"
36,16,2304,3,1,G minus F,0.9990000000000006,0.7910000000000004,1.0429999999999993,F,"exploratory pointwise block bootstrap; small n, hot synthetic record, no practical margin"
36,16,2304,3,2,E minus C,-2.0820000000000007,-2.581999999999997,-1.8739999999999988,E,"exploratory pointwise block bootstrap; small n, hot synthetic record, no practical margin"
36,16,2304,3,2,G minus C,-3.7079999999999984,-3.834000000000003,-3.331999999999997,G,"exploratory pointwise block bootstrap; small n, hot synthetic record, no practical margin"
36,16,2304,3,2,G minus F,-1.4579999999999984,-1.5429999999999993,-1.2480000000000047,G,"exploratory pointwise block bootstrap; small n, hot synthetic record, no practical margin"
36,16,2304,3,4,E minus C,-3.7929999999999993,-4.831999999999994,-3.4129999999999967,E,"exploratory pointwise block bootstrap; small n, hot synthetic record, no practical margin"
36,16,2304,3,4,G minus C,-9.751999999999999,-10.207999999999998,-9.377000000000002,G,"exploratory pointwise block bootstrap; small n, hot synthetic record, no practical margin"
36,16,2304,3,4,G minus F,-5.709,-6.374000000000002,-4.920000000000002,G,"exploratory pointwise block bootstrap; small n, hot synthetic record, no practical margin"
36,16,2304,3,8,E minus C,-7.2890000000000015,-7.8359999999999985,-6.8729999999999905,E,"exploratory pointwise block bootstrap; small n, hot synthetic record, no practical margin"
36,16,2304,3,8,G minus C,-22.209000000000003,-22.668000000000006,-21.546,G,"exploratory pointwise block bootstrap; small n, hot synthetic record, no practical margin"
36,16,2304,3,8,G minus F,-14.334000000000003,-15.748000000000005,-14.210999999999999,G,"exploratory pointwise block bootstrap; small n, hot synthetic record, no practical margin"
36,16,2304,3,16,E minus C,-14.117000000000019,-29.208,-8.003000000000014,E,"exploratory pointwise block bootstrap; small n, hot synthetic record, no practical margin"
36,16,2304,3,16,G minus C,-47.541,-60.667,-38.54299999999999,G,"exploratory pointwise block bootstrap; small n, hot synthetic record, no practical margin"
36,16,2304,3,16,G minus F,-32.74600000000001,-37.07900000000001,-32.07900000000001,G,"exploratory pointwise block bootstrap; small n, hot synthetic record, no practical margin"
36,16,2304,3,32,E minus C,-28.42700000000002,-42.416,-24.412000000000035,E,"exploratory pointwise block bootstrap; small n, hot synthetic record, no practical margin"
36,16,2304,3,32,G minus C,-98.499,-106.58699999999999,-95.70899999999997,G,"exploratory pointwise block bootstrap; small n, hot synthetic record, no practical margin"
36,16,2304,3,32,G minus F,-68.751,-70.37900000000002,-65.49999999999997,G,"exploratory pointwise block bootstrap; small n, hot synthetic record, no practical margin"
36,16,2304,3,64,E minus C,-57.533000000000015,-61.83699999999999,-51.41899999999998,E,"exploratory pointwise block bootstrap; small n, hot synthetic record, no practical margin"
36,16,2304,3,64,G minus C,-199.704,-202.42200000000003,-190.63600000000002,G,"exploratory pointwise block bootstrap; small n, hot synthetic record, no practical margin"
36,16,2304,3,64,G minus F,-139.21000000000004,-140.39,-132.08499999999998,G,"exploratory pointwise block bootstrap; small n, hot synthetic record, no practical margin"
36,16,2304,3,128,E minus C,-120.43399999999974,-170.66400000000021,-54.99800000000005,E,"exploratory pointwise block bootstrap; small n, hot synthetic record, no practical margin"
36,16,2304,3,128,G minus C,-395.5790000000002,-436.61,-373.4699999999998,G,"exploratory pointwise block bootstrap; small n, hot synthetic record, no practical margin"
36,16,2304,3,128,G minus F,-278.59399999999994,-294.30600000000004,-260.0049999999999,G,"exploratory pointwise block bootstrap; small n, hot synthetic record, no practical margin"
144,64,36864,1,1,E minus C,-0.7919999999999998,-0.9589999999999996,-0.5839999999999996,E,"exploratory pointwise block bootstrap; small n, hot synthetic record, no practical margin"
144,64,36864,1,1,G minus C,-0.33200000000000074,-0.6660000000000004,-0.16699999999999982,G,"exploratory pointwise block bootstrap; small n, hot synthetic record, no practical margin"
144,64,36864,1,1,G minus F,0.4169999999999998,0.20899999999999963,0.7490000000000006,F,"exploratory pointwise block bootstrap; small n, hot synthetic record, no practical margin"
144,64,36864,1,2,E minus C,-2.625,-2.7500000000000036,-2.4989999999999988,E,"exploratory pointwise block bootstrap; small n, hot synthetic record, no practical margin"
144,64,36864,1,2,G minus C,-2.251999999999999,-2.3760000000000012,-2.125,G,"exploratory pointwise block bootstrap; small n, hot synthetic record, no practical margin"
144,64,36864,1,2,G minus F,0.2510000000000012,-2.25,0.6660000000000004,unresolved,"exploratory pointwise block bootstrap; small n, hot synthetic record, no practical margin"
144,64,36864,1,4,E minus C,-6.7940000000000005,-7.207999999999998,-6.417999999999999,E,"exploratory pointwise block bootstrap; small n, hot synthetic record, no practical margin"
144,64,36864,1,4,G minus C,-6.250999999999998,-6.668000000000003,-5.918999999999997,G,"exploratory pointwise block bootstrap; small n, hot synthetic record, no practical margin"
144,64,36864,1,4,G minus F,0.49799999999999756,-0.29400000000000404,0.9150000000000063,unresolved,"exploratory pointwise block bootstrap; small n, hot synthetic record, no practical margin"
144,64,36864,1,8,E minus C,-14.376999999999995,-14.710000000000008,-13.959000000000003,E,"exploratory pointwise block bootstrap; small n, hot synthetic record, no practical margin"
144,64,36864,1,8,G minus C,-14.37599999999999,-14.831999999999994,-13.99900000000001,G,"exploratory pointwise block bootstrap; small n, hot synthetic record, no practical margin"
144,64,36864,1,8,G minus F,0.08200000000000784,-0.4579999999999984,0.45699999999999363,unresolved,"exploratory pointwise block bootstrap; small n, hot synthetic record, no practical margin"
144,64,36864,1,16,E minus C,-30.587000000000018,-31.206000000000003,-29.333,E,"exploratory pointwise block bootstrap; small n, hot synthetic record, no practical margin"
144,64,36864,1,16,G minus C,-30.540999999999997,-33.375,-28.089000000000013,G,"exploratory pointwise block bootstrap; small n, hot synthetic record, no practical margin"
144,64,36864,1,16,G minus F,-1.5030000000000001,-4.711000000000013,0.08400000000000318,unresolved,"exploratory pointwise block bootstrap; small n, hot synthetic record, no practical margin"
144,64,36864,1,32,E minus C,-61.37699999999995,-67.28999999999999,-58.75499999999997,E,"exploratory pointwise block bootstrap; small n, hot synthetic record, no practical margin"
144,64,36864,1,32,G minus C,-62.66300000000001,-68.00200000000001,-61.37499999999994,G,"exploratory pointwise block bootstrap; small n, hot synthetic record, no practical margin"
144,64,36864,1,32,G minus F,-0.5349999999999966,-3.9170000000000016,8.707999999999998,unresolved,"exploratory pointwise block bootstrap; small n, hot synthetic record, no practical margin"
144,64,36864,1,64,E minus C,-123.24600000000004,-141.161,-105.50400000000002,E,"exploratory pointwise block bootstrap; small n, hot synthetic record, no practical margin"
144,64,36864,1,64,G minus C,-124.79000000000002,-130.95900000000012,-110.7960000000001,G,"exploratory pointwise block bootstrap; small n, hot synthetic record, no practical margin"
144,64,36864,1,64,G minus F,1.5020000000000664,-13.91500000000002,12.076000000000022,unresolved,"exploratory pointwise block bootstrap; small n, hot synthetic record, no practical margin"
144,64,36864,1,128,E minus C,-243.71100000000013,-274.15199999999993,-230.62400000000002,E,"exploratory pointwise block bootstrap; small n, hot synthetic record, no practical margin"
144,64,36864,1,128,G minus C,-250.78800000000012,-270.53999999999985,-101.15800000000013,G,"exploratory pointwise block bootstrap; small n, hot synthetic record, no practical margin"
144,64,36864,1,128,G minus F,-1.2509999999999764,-29.123000000000047,136.63300000000004,unresolved,"exploratory pointwise block bootstrap; small n, hot synthetic record, no practical margin"
144,64,36864,3,1,E minus C,-1.5,-2.123000000000001,-1.125,E,"exploratory pointwise block bootstrap; small n, hot synthetic record, no practical margin"
144,64,36864,3,1,G minus C,1.0400000000000027,0.29299999999999926,1.416999999999998,C,"exploratory pointwise block bootstrap; small n, hot synthetic record, no practical margin"
144,64,36864,3,1,G minus F,2.666000000000004,2.083999999999996,3.5829999999999984,F,"exploratory pointwise block bootstrap; small n, hot synthetic record, no practical margin"
144,64,36864,3,2,E minus C,-3.833999999999996,-4.9169999999999945,-3.3770000000000095,E,"exploratory pointwise block bootstrap; small n, hot synthetic record, no practical margin"
144,64,36864,3,2,G minus C,-4.373999999999995,-5.375999999999998,-2.540999999999997,G,"exploratory pointwise block bootstrap; small n, hot synthetic record, no practical margin"
144,64,36864,3,2,G minus F,-0.7079999999999984,-1.0399999999999991,1.6260000000000048,unresolved,"exploratory pointwise block bootstrap; small n, hot synthetic record, no practical margin"
144,64,36864,3,4,E minus C,-8.540999999999997,-10.164999999999992,-8.001000000000005,E,"exploratory pointwise block bootstrap; small n, hot synthetic record, no practical margin"
144,64,36864,3,4,G minus C,-16.790999999999997,-17.251000000000005,-15.710999999999999,G,"exploratory pointwise block bootstrap; small n, hot synthetic record, no practical margin"
144,64,36864,3,4,G minus F,-7.957999999999998,-8.375,-6.293999999999997,G,"exploratory pointwise block bootstrap; small n, hot synthetic record, no practical margin"
144,64,36864,3,8,E minus C,-19.170999999999992,-37.042,-15.498999999999995,E,"exploratory pointwise block bootstrap; small n, hot synthetic record, no practical margin"
144,64,36864,3,8,G minus C,-39.745000000000005,-50.623999999999995,-36.704999999999984,G,"exploratory pointwise block bootstrap; small n, hot synthetic record, no practical margin"
144,64,36864,3,8,G minus F,-22.335000000000008,-30.079999999999984,-16.998999999999995,G,"exploratory pointwise block bootstrap; small n, hot synthetic record, no practical margin"
144,64,36864,3,16,E minus C,-34.87800000000004,-47.99399999999997,6.078000000000031,unresolved,"exploratory pointwise block bootstrap; small n, hot synthetic record, no practical margin"
144,64,36864,3,16,G minus C,-81.75,-86.24699999999996,-81.04199999999997,G,"exploratory pointwise block bootstrap; small n, hot synthetic record, no practical margin"
144,64,36864,3,16,G minus F,-49.245000000000005,-65.709,-34.49599999999998,G,"exploratory pointwise block bootstrap; small n, hot synthetic record, no practical margin"
144,64,36864,3,32,E minus C,-65.66499999999996,-76.875,78.78099999999995,unresolved,"exploratory pointwise block bootstrap; small n, hot synthetic record, no practical margin"
144,64,36864,3,32,G minus C,-188.793,-211.88699999999994,-157.24699999999996,G,"exploratory pointwise block bootstrap; small n, hot synthetic record, no practical margin"
144,64,36864,3,32,G minus F,-123.71299999999997,-141.86799999999994,-100.54499999999996,G,"exploratory pointwise block bootstrap; small n, hot synthetic record, no practical margin"
144,64,36864,3,64,E minus C,-134.41300000000024,-163.36300000000006,-114.19600000000014,E,"exploratory pointwise block bootstrap; small n, hot synthetic record, no practical margin"
144,64,36864,3,64,G minus C,-353.0799999999999,-440.2420000000002,-324.039,G,"exploratory pointwise block bootstrap; small n, hot synthetic record, no practical margin"
144,64,36864,3,64,G minus F,-218.087,-437.924,-184.90800000000013,G,"exploratory pointwise block bootstrap; small n, hot synthetic record, no practical margin"
144,64,36864,3,128,E minus C,-253.67700000000013,-432.0920000000001,-179.02299999999968,E,"exploratory pointwise block bootstrap; small n, hot synthetic record, no practical margin"
144,64,36864,3,128,G minus C,-782.8780000000002,-856.6759999999999,-769.9950000000003,G,"exploratory pointwise block bootstrap; small n, hot synthetic record, no practical margin"
144,64,36864,3,128,G minus F,-710.0520000000001,-849.0290000000005,-475.41399999999976,G,"exploratory pointwise block bootstrap; small n, hot synthetic record, no practical margin"
1024,8,32768,1,1,E minus C,-1.75,-1.9579999999999984,-1.168999999999997,E,"exploratory pointwise block bootstrap; small n, hot synthetic record, no practical margin"
1024,8,32768,1,1,G minus C,-0.8349999999999973,-1.3739999999999988,-0.7079999999999984,G,"exploratory pointwise block bootstrap; small n, hot synthetic record, no practical margin"
1024,8,32768,1,1,G minus F,1.1250000000000036,-0.5420000000000016,1.333000000000002,unresolved,"exploratory pointwise block bootstrap; small n, hot synthetic record, no practical margin"
1024,8,32768,1,2,E minus C,-9.832999999999998,-10.165999999999997,-8.543999999999997,E,"exploratory pointwise block bootstrap; small n, hot synthetic record, no practical margin"
1024,8,32768,1,2,G minus C,-8.914000000000001,-9.207999999999998,-7.707999999999998,G,"exploratory pointwise block bootstrap; small n, hot synthetic record, no practical margin"
1024,8,32768,1,2,G minus F,1.0859999999999985,0.9590000000000032,2.0009999999999977,F,"exploratory pointwise block bootstrap; small n, hot synthetic record, no practical margin"
1024,8,32768,1,4,E minus C,-26.915000000000006,-110.416,-23.75,E,"exploratory pointwise block bootstrap; small n, hot synthetic record, no practical margin"
1024,8,32768,1,4,G minus C,-25.49900000000001,-148.87400000000002,-15.332999999999998,G,"exploratory pointwise block bootstrap; small n, hot synthetic record, no practical margin"
1024,8,32768,1,4,G minus F,5.3770000000000024,-2.625,19.00099999999999,unresolved,"exploratory pointwise block bootstrap; small n, hot synthetic record, no practical margin"
1024,8,32768,1,8,E minus C,-61.666,-68.211,-56.791,E,"exploratory pointwise block bootstrap; small n, hot synthetic record, no practical margin"
1024,8,32768,1,8,G minus C,-61.750999999999976,-73.96000000000001,-56.583,G,"exploratory pointwise block bootstrap; small n, hot synthetic record, no practical margin"
1024,8,32768,1,8,G minus F,1.1229999999999905,-4.168000000000006,6.667000000000002,unresolved,"exploratory pointwise block bootstrap; small n, hot synthetic record, no practical margin"
1024,8,32768,1,16,E minus C,-137.62600000000003,-151.45800000000003,-126.75099999999999,E,"exploratory pointwise block bootstrap; small n, hot synthetic record, no practical margin"
1024,8,32768,1,16,G minus C,-127.458,-140.95600000000002,-124.20700000000002,G,"exploratory pointwise block bootstrap; small n, hot synthetic record, no practical margin"
1024,8,32768,1,16,G minus F,3.039999999999992,-6.123999999999995,11.915999999999997,unresolved,"exploratory pointwise block bootstrap; small n, hot synthetic record, no practical margin"
1024,8,32768,1,32,E minus C,-260.62199999999996,-287.45899999999995,-250.167,E,"exploratory pointwise block bootstrap; small n, hot synthetic record, no practical margin"
1024,8,32768,1,32,G minus C,-262.504,-296.046,-252.415,G,"exploratory pointwise block bootstrap; small n, hot synthetic record, no practical margin"
1024,8,32768,1,32,G minus F,-1.4209999999999923,-22.46199999999999,16.786,unresolved,"exploratory pointwise block bootstrap; small n, hot synthetic record, no practical margin"
1024,8,32768,1,64,E minus C,-474.2950000000001,-572.6650000000001,-275.9040000000001,E,"exploratory pointwise block bootstrap; small n, hot synthetic record, no practical margin"
1024,8,32768,1,64,G minus C,-581.6700000000001,-658.7979999999999,-529.5770000000001,G,"exploratory pointwise block bootstrap; small n, hot synthetic record, no practical margin"
1024,8,32768,1,64,G minus F,2.882000000000005,-24.835999999999956,28.704000000000008,unresolved,"exploratory pointwise block bootstrap; small n, hot synthetic record, no practical margin"
1024,8,32768,1,128,E minus C,-1046.7490000000003,-1252.5789999999997,-998.577,E,"exploratory pointwise block bootstrap; small n, hot synthetic record, no practical margin"
1024,8,32768,1,128,G minus C,-1007.1240000000001,-1105.745,-838.327,G,"exploratory pointwise block bootstrap; small n, hot synthetic record, no practical margin"
1024,8,32768,1,128,G minus F,-2.796000000000049,-40.669000000000096,215.95600000000002,unresolved,"exploratory pointwise block bootstrap; small n, hot synthetic record, no practical margin"
1024,8,32768,3,1,E minus C,-3.959000000000003,-5.248999999999995,-2.9989999999999952,E,"exploratory pointwise block bootstrap; small n, hot synthetic record, no practical margin"
1024,8,32768,3,1,G minus C,0.875,-2.6239999999999952,2.2920000000000016,unresolved,"exploratory pointwise block bootstrap; small n, hot synthetic record, no practical margin"
1024,8,32768,3,1,G minus F,5.375,5.165999999999997,6.459000000000003,F,"exploratory pointwise block bootstrap; small n, hot synthetic record, no practical margin"
1024,8,32768,3,2,E minus C,-12.498999999999995,-13.417000000000002,-11.664999999999992,E,"exploratory pointwise block bootstrap; small n, hot synthetic record, no practical margin"
1024,8,32768,3,2,G minus C,-23.04400000000001,-27.708,-18.959000000000003,G,"exploratory pointwise block bootstrap; small n, hot synthetic record, no practical margin"
1024,8,32768,3,2,G minus F,-10.62299999999999,-12.207999999999998,-5.751000000000005,G,"exploratory pointwise block bootstrap; small n, hot synthetic record, no practical margin"
1024,8,32768,3,4,E minus C,-28.959000000000003,-34.500999999999976,-20.375,E,"exploratory pointwise block bootstrap; small n, hot synthetic record, no practical margin"
1024,8,32768,3,4,G minus C,-72.07999999999998,-75.587,-68.58,G,"exploratory pointwise block bootstrap; small n, hot synthetic record, no practical margin"
1024,8,32768,3,4,G minus F,-44.917,-53.5,-36.958,G,"exploratory pointwise block bootstrap; small n, hot synthetic record, no practical margin"
1024,8,32768,3,8,E minus C,-67.21100000000001,-88.79399999999998,-62.376999999999896,E,"exploratory pointwise block bootstrap; small n, hot synthetic record, no practical margin"
1024,8,32768,3,8,G minus C,-172.95999999999995,-198.711,-156.874,G,"exploratory pointwise block bootstrap; small n, hot synthetic record, no practical margin"
1024,8,32768,3,8,G minus F,-119.25299999999996,-161.50300000000004,-103.041,G,"exploratory pointwise block bootstrap; small n, hot synthetic record, no practical margin"
1024,8,32768,3,16,E minus C,-136.9190000000001,-190.59000000000003,-120.2840000000001,E,"exploratory pointwise block bootstrap; small n, hot synthetic record, no practical margin"
1024,8,32768,3,16,G minus C,-392.4570000000001,-434.915,-342.20799999999997,G,"exploratory pointwise block bootstrap; small n, hot synthetic record, no practical margin"
1024,8,32768,3,16,G minus F,-241.54300000000012,-268.53600000000006,-210.9969999999999,G,"exploratory pointwise block bootstrap; small n, hot synthetic record, no practical margin"
1024,8,32768,3,32,E minus C,-305.1750000000002,-420.8409999999999,-255.83300000000008,E,"exploratory pointwise block bootstrap; small n, hot synthetic record, no practical margin"
1024,8,32768,3,32,G minus C,-801.2439999999999,-964.663,-771.2139999999998,G,"exploratory pointwise block bootstrap; small n, hot synthetic record, no practical margin"
1024,8,32768,3,32,G minus F,-498.876,-855.0799999999999,-493.4609999999999,G,"exploratory pointwise block bootstrap; small n, hot synthetic record, no practical margin"
1024,8,32768,3,64,E minus C,-524.5340000000001,-566.7950000000001,-266.83500000000004,E,"exploratory pointwise block bootstrap; small n, hot synthetic record, no practical margin"
1024,8,32768,3,64,G minus C,-1521.0009999999997,-1639.672,-1348.832,G,"exploratory pointwise block bootstrap; small n, hot synthetic record, no practical margin"
1024,8,32768,3,64,G minus F,-996.3270000000002,-1052.1710000000003,-797.9649999999999,G,"exploratory pointwise block bootstrap; small n, hot synthetic record, no practical margin"
1024,8,32768,3,128,E minus C,-1101.2799999999997,-1405.4450000000006,-929.2839999999997,E,"exploratory pointwise block bootstrap; small n, hot synthetic record, no practical margin"
1024,8,32768,3,128,G minus C,-3166.375,-3442.658000000001,-2982.856,G,"exploratory pointwise block bootstrap; small n, hot synthetic record, no practical margin"
1024,8,32768,3,128,G minus F,-2118.1440000000002,-2179.5350000000008,-2055.8339999999994,G,"exploratory pointwise block bootstrap; small n, hot synthetic record, no practical margin"
