suite,task_id,task,initial_state_index,arm,success,steps,decisions,acquisitions,wall_seconds,inference_median_seconds,inference_p95_seconds,inference_total_seconds,gpu_board_gross_inference_total_mJ,gpu_board_gross_episode_mJ,peak_gpu_allocated_bytes
libero_spatial,0,pick up the black bowl between the plate and the ramekin and place it on the plate,1,fresh,1,81,6,6,49.43813263718039,1.1713131237775087,2.6126885833218694,8.94777411967516,,5808018.0,5107576832
libero_spatial,0,pick up the black bowl between the plate and the ramekin and place it on the plate,2,fresh,1,80,5,5,46.4913752283901,1.1859844252467155,1.1908063365146517,5.913537126965821,,5493882.0,5107576832
libero_spatial,0,pick up the black bowl between the plate and the ramekin and place it on the plate,3,fresh,1,78,5,5,46.157735634595156,1.1835223734378815,1.191677687689662,5.9200514908879995,,5444563.0,5107576832
libero_spatial,0,pick up the black bowl between the plate and the ramekin and place it on the plate,4,fresh,1,79,5,5,46.405712245963514,1.1846568249166012,1.222926758043468,5.968119283206761,,5482232.0,5107576832
libero_spatial,0,pick up the black bowl between the plate and the ramekin and place it on the plate,5,fresh,1,78,5,5,45.93734211381525,1.1704021440818906,1.2007185956463218,5.893233817070723,,5422926.0,5107576832
libero_spatial,0,pick up the black bowl between the plate and the ramekin and place it on the plate,6,fresh,1,73,5,5,41.51413403917104,1.1837196350097656,1.197781110368669,5.909406574442983,,5047892.0,5107576832
libero_spatial,0,pick up the black bowl between the plate and the ramekin and place it on the plate,7,fresh,1,80,5,5,45.76837196666747,1.174427879974246,1.1855400120839477,5.885802216827869,,5455876.0,5107576832
libero_spatial,0,pick up the black bowl between the plate and the ramekin and place it on the plate,8,fresh,1,75,5,5,44.5804692953825,1.1859485507011414,1.2096739253029227,5.9584825318306684,,5320870.0,5107576832
libero_spatial,0,pick up the black bowl between the plate and the ramekin and place it on the plate,9,fresh,1,76,5,5,43.05632261093706,1.1846966249868274,1.2092051222920417,5.938245675526559,,5158351.0,5107576832
libero_spatial,0,pick up the black bowl between the plate and the ramekin and place it on the plate,10,fresh,1,69,5,5,40.334912007674575,1.1746311020106077,1.1850014099851252,5.880894022062421,,4904568.0,5107576832
libero_spatial,0,pick up the black bowl between the plate and the ramekin and place it on the plate,11,fresh,1,69,5,5,39.57461185846478,1.1708929408341646,1.1992978144437074,5.8958146115764976,,4857670.0,5107576832
libero_spatial,0,pick up the black bowl between the plate and the ramekin and place it on the plate,12,fresh,1,72,5,5,42.442255802452564,1.1804775446653366,1.186398908495903,5.894808812998235,,5127090.0,5107576832
libero_spatial,0,pick up the black bowl between the plate and the ramekin and place it on the plate,13,fresh,1,116,8,8,67.38783921208233,1.1842046892270446,1.2002396755851805,9.485783300362527,,8198154.0,5107576832
libero_spatial,0,pick up the black bowl between the plate and the ramekin and place it on the plate,14,fresh,1,77,5,5,44.08172190748155,1.183121777139604,1.1906610725447535,5.910698260180652,,5305515.0,5107576832
libero_spatial,0,pick up the black bowl between the plate and the ramekin and place it on the plate,15,fresh,1,74,5,5,42.553130022250116,1.178299699909985,1.192321859113872,5.90746274869889,,5120119.0,5107576832
libero_spatial,0,pick up the black bowl between the plate and the ramekin and place it on the plate,16,fresh,1,79,5,5,45.330247251316905,1.1916684629395604,1.2221489237621426,5.983775387518108,,5380543.0,5107576832
libero_spatial,0,pick up the black bowl between the plate and the ramekin and place it on the plate,17,fresh,1,73,5,5,41.88379388861358,1.1709989747032523,1.218068022467196,5.9136354848742485,,5048790.0,5107576832
libero_spatial,0,pick up the black bowl between the plate and the ramekin and place it on the plate,18,fresh,1,81,6,6,47.43467435147613,1.1799709126353264,1.1934249019250274,7.083869502879679,,5807230.0,5107576832
libero_spatial,0,pick up the black bowl between the plate and the ramekin and place it on the plate,19,fresh,1,81,6,6,47.79974976181984,1.1841878867708147,1.1880091174971312,7.097150602377951,,5877607.0,5107576832
libero_spatial,0,pick up the black bowl between the plate and the ramekin and place it on the plate,20,fresh,1,79,5,5,46.96924363914877,1.182575749233365,1.1871765024960041,5.9032028103247285,,5584437.0,5107576832
libero_spatial,0,pick up the black bowl between the plate and the ramekin and place it on the plate,21,fresh,1,78,5,5,45.25467252638191,1.176462377421558,1.1847071306779982,5.881818736903369,,5350490.0,5107576832
libero_spatial,0,pick up the black bowl between the plate and the ramekin and place it on the plate,22,fresh,1,81,6,6,47.87514092307538,1.1760717509314418,1.194201686885208,7.071736610494554,,5834806.0,5107576832
libero_spatial,0,pick up the black bowl between the plate and the ramekin and place it on the plate,23,fresh,1,74,5,5,43.48698762897402,1.1867867028340697,1.2052595306187868,5.9473731042817235,,5237945.0,5107576832
libero_spatial,0,pick up the black bowl between the plate and the ramekin and place it on the plate,24,fresh,1,72,5,5,42.728424752131104,1.1802772944793105,1.205818367190659,5.922617533244193,,5149020.0,5107576832
libero_spatial,0,pick up the black bowl between the plate and the ramekin and place it on the plate,25,fresh,1,73,5,5,42.66404332406819,1.1749772224575281,1.1974933309480549,5.903667510487139,,5130699.0,5107576832
libero_spatial,0,pick up the black bowl between the plate and the ramekin and place it on the plate,26,fresh,1,80,5,5,45.96454558521509,1.1818513637408614,1.1964255122467875,5.919911404140294,,5463198.0,5107576832
libero_spatial,0,pick up the black bowl between the plate and the ramekin and place it on the plate,27,fresh,1,82,6,6,49.6289225500077,1.188766770530492,1.2038463689386845,7.148306621238589,,6010354.0,5107576832
libero_spatial,0,pick up the black bowl between the plate and the ramekin and place it on the plate,28,fresh,1,76,5,5,44.445968984626234,1.171736691147089,1.2028032848611474,5.90278819296509,,5291184.0,5107576832
libero_spatial,0,pick up the black bowl between the plate and the ramekin and place it on the plate,29,fresh,1,76,5,5,43.59245648048818,1.1711706966161728,1.194235447049141,5.883569396100938,,5216974.0,5107576832
libero_spatial,0,pick up the black bowl between the plate and the ramekin and place it on the plate,30,fresh,1,77,5,5,44.972450122237206,1.1849352596327662,1.1895506501197814,5.8999247485771775,,5341073.0,5107576832
libero_spatial,0,pick up the black bowl between the plate and the ramekin and place it on the plate,31,fresh,1,78,5,5,45.846617131493986,1.1883319607004523,1.2127038249745965,5.9691861644387245,,5388576.0,5107576832
libero_spatial,0,pick up the black bowl between the plate and the ramekin and place it on the plate,32,fresh,1,76,5,5,42.894580624997616,1.174878510646522,1.1934608967974782,5.889223640784621,,5118325.0,5107576832
libero_spatial,0,pick up the black bowl between the plate and the ramekin and place it on the plate,33,fresh,1,78,5,5,46.07369914650917,1.1786890178918839,1.1988848013803364,5.9035238502547145,,5428048.0,5107576832
libero_spatial,0,pick up the black bowl between the plate and the ramekin and place it on the plate,34,fresh,1,76,5,5,44.6113858288154,1.182825019583106,1.2057083507999777,5.938208293169737,,5293532.0,5107576832
libero_spatial,0,pick up the black bowl between the plate and the ramekin and place it on the plate,35,fresh,1,80,5,5,46.577778382226825,1.173469752073288,1.2132569760084153,5.913304514251649,,5464126.0,5107576832
libero_spatial,0,pick up the black bowl between the plate and the ramekin and place it on the plate,36,fresh,1,78,5,5,45.274138626642525,1.1830464247614145,1.1912772251293062,5.899832606315613,,5341903.0,5107576832
libero_spatial,0,pick up the black bowl between the plate and the ramekin and place it on the plate,37,fresh,1,75,5,5,44.42959166131914,1.1906370837241411,1.1971727423369884,5.946846570819616,,5285744.0,5107576832
libero_spatial,0,pick up the black bowl between the plate and the ramekin and place it on the plate,38,fresh,1,79,5,5,45.4205764438957,1.1919360803440213,1.201745806261897,5.957452589645982,,5362954.0,5107576832
libero_spatial,0,pick up the black bowl between the plate and the ramekin and place it on the plate,39,fresh,1,77,5,5,45.65645225625485,1.1795476311817765,1.185509375296533,5.893111472949386,,5367019.0,5107576832
libero_spatial,0,pick up the black bowl between the plate and the ramekin and place it on the plate,40,fresh,1,76,5,5,44.36860246676952,1.1699770856648684,1.186849814094603,5.873315523378551,,5258008.0,5107576832
libero_object,0,pick up the alphabet soup and place it in the basket,1,fresh,1,145,10,10,51.90375240612775,1.1855914634652436,1.2006695299874992,11.881925055757165,,7259566.0,5107576832
libero_object,0,pick up the alphabet soup and place it in the basket,2,fresh,1,133,9,9,47.99434267170727,1.1899251900613308,1.2026369728147983,10.73290784843266,,6710072.0,5107576832
libero_object,0,pick up the alphabet soup and place it in the basket,3,fresh,1,143,9,9,48.892567939125,1.179097211919725,1.231349112279713,10.69884024001658,,6801672.0,5107576832
libero_object,0,pick up the alphabet soup and place it in the basket,4,fresh,1,137,9,9,49.47432579100132,1.1790335774421692,1.1893729619681834,10.625192035920918,,6846178.0,5107576832
libero_object,0,pick up the alphabet soup and place it in the basket,5,fresh,1,141,9,9,49.44764749798924,1.1880893791094422,1.197630849853158,10.689114043489099,,6854701.0,5107576832
libero_object,0,pick up the alphabet soup and place it in the basket,6,fresh,1,139,9,9,49.14172370173037,1.1761638019233942,1.1931051008403302,10.611349095590413,,6830731.0,5107576832
libero_object,0,pick up the alphabet soup and place it in the basket,7,fresh,1,124,8,8,43.98293374106288,1.1742010819725692,1.184980375971645,9.414330502040684,,6096408.0,5107576832
libero_object,0,pick up the alphabet soup and place it in the basket,8,fresh,1,129,9,9,46.474732470698655,1.1857644384726882,1.2550017679110168,10.759142810478806,,6557028.0,5107576832
libero_object,0,pick up the alphabet soup and place it in the basket,9,fresh,1,127,8,8,45.21809639316052,1.1837686896324158,1.1982398768886924,9.483009385876358,,6210675.0,5107576832
libero_object,0,pick up the alphabet soup and place it in the basket,10,fresh,1,141,9,9,49.59322907868773,1.1790305944159627,1.1868836080655456,10.616303462535143,,6860731.0,5107576832
libero_object,0,pick up the alphabet soup and place it in the basket,11,fresh,1,144,9,9,50.38175940141082,1.1756086815148592,1.1795262448489665,10.586367243900895,,6934236.0,5107576832
libero_object,0,pick up the alphabet soup and place it in the basket,12,fresh,1,135,9,9,48.10010324046016,1.1904900185763836,1.2028715142980217,10.696489964611828,,6697788.0,5107576832
libero_object,0,pick up the alphabet soup and place it in the basket,13,fresh,1,139,9,9,48.44813998416066,1.177145159803331,1.1835427260026337,10.597801585681736,,6757414.0,5107576832
libero_object,0,pick up the alphabet soup and place it in the basket,14,fresh,1,134,9,9,46.950770878233016,1.1748647289350629,1.1821590896695853,10.583367774263024,,6614847.0,5107576832
libero_object,0,pick up the alphabet soup and place it in the basket,15,fresh,1,140,9,9,51.188578442670405,1.1887203017249703,1.201682499423623,10.721385777927935,,7013042.0,5107576832
libero_object,0,pick up the alphabet soup and place it in the basket,16,fresh,1,142,9,9,50.25177040323615,1.1748999040573835,1.1961328979581594,10.60702452622354,,6943170.0,5107576832
libero_object,0,pick up the alphabet soup and place it in the basket,17,fresh,1,131,9,9,46.45374882500619,1.1779615562409163,1.1914820091798901,10.631574901752174,,6562257.0,5107576832
libero_object,0,pick up the alphabet soup and place it in the basket,18,fresh,1,140,9,9,50.47670413274318,1.1837744759395719,1.198877871595323,10.66558709461242,,6946842.0,5107576832
libero_object,0,pick up the alphabet soup and place it in the basket,19,fresh,1,148,10,10,54.005360580049455,1.192197109106928,1.2001304356381297,11.928852954879403,,7522289.0,5107576832
libero_object,0,pick up the alphabet soup and place it in the basket,20,fresh,1,137,9,9,48.96339518390596,1.1819466333836317,1.1904141472652554,10.634038995951414,,6806990.0,5107576832
libero_object,0,pick up the alphabet soup and place it in the basket,21,fresh,1,145,10,10,51.233123942278326,1.1792593440040946,1.1879711502231658,11.799651306122541,,7273475.0,5107576832
libero_object,0,pick up the alphabet soup and place it in the basket,22,fresh,1,146,10,10,52.912742763757706,1.1892060791142285,1.2013701939489692,11.915296588093042,,7421997.0,5107576832
libero_object,0,pick up the alphabet soup and place it in the basket,23,fresh,1,135,9,9,48.79145491775125,1.1949850805103779,1.2026971459388733,10.746034502983093,,6784073.0,5107576832
libero_object,0,pick up the alphabet soup and place it in the basket,24,fresh,1,142,9,9,50.59081717394292,1.1944697154685855,1.2021469410508872,10.74511785339564,,6955570.0,5107576832
libero_object,0,pick up the alphabet soup and place it in the basket,25,fresh,1,134,9,9,47.92962529323995,1.1929391976445913,1.2032342553138733,10.746207492426038,,6702764.0,5107576832
libero_object,0,pick up the alphabet soup and place it in the basket,26,fresh,1,130,9,9,46.65640801843256,1.1907248236238956,1.2034285105764866,10.74801002535969,,6579027.0,5107576832
libero_object,0,pick up the alphabet soup and place it in the basket,27,fresh,1,140,9,9,49.04745255969465,1.1930189542472363,1.2018749859184026,10.745269171893597,,6825162.0,5107576832
libero_object,0,pick up the alphabet soup and place it in the basket,28,fresh,1,144,9,9,50.541298252530396,1.1864287573844194,1.2070289464667439,10.713925319723785,,6942719.0,5107576832
libero_object,0,pick up the alphabet soup and place it in the basket,29,fresh,1,152,10,10,54.722586711868644,1.1893187290988863,1.2052906619850545,11.919571784324944,,7588977.0,5107576832
libero_object,0,pick up the alphabet soup and place it in the basket,30,fresh,1,137,9,9,49.80387576762587,1.1925862515345216,1.1986433919519186,10.732418848201632,,6917125.0,5107576832
libero_object,0,pick up the alphabet soup and place it in the basket,31,fresh,1,124,8,8,43.77524445671588,1.1933359988033772,1.201841914979741,9.546015885658562,,6087053.0,5107576832
libero_object,0,pick up the alphabet soup and place it in the basket,32,fresh,1,145,10,10,54.64455331303179,1.1938203116878867,1.202770312083885,11.937469977885485,,7586320.0,5107576832
libero_object,0,pick up the alphabet soup and place it in the basket,33,fresh,1,146,10,10,53.3943785186857,1.1850333316251636,1.1949735797476024,11.847642738372087,,7461369.0,5107576832
libero_object,0,pick up the alphabet soup and place it in the basket,34,fresh,1,141,9,9,48.846484816633165,1.1795884128659964,1.189088479615748,10.621119017712772,,6808236.0,5107576832
libero_object,0,pick up the alphabet soup and place it in the basket,35,fresh,1,145,10,10,51.453435495495796,1.1781716663390398,1.1886578081641346,11.794642405584455,,7306461.0,5107576832
libero_object,0,pick up the alphabet soup and place it in the basket,36,fresh,1,139,9,9,50.443623512052,1.1931272335350513,1.1978168349713088,10.74099338799715,,6975007.0,5107576832
libero_object,0,pick up the alphabet soup and place it in the basket,37,fresh,1,137,9,9,50.11065443046391,1.1743477452546358,1.1763760114088655,10.569668994285166,,6924079.0,5107576832
libero_object,0,pick up the alphabet soup and place it in the basket,38,fresh,1,141,9,9,48.310034793801606,1.1773769417777658,1.1869500003755094,10.6045144777745,,6774751.0,5107576832
libero_object,0,pick up the alphabet soup and place it in the basket,39,fresh,1,125,8,8,45.14947477821261,1.190365290734917,1.201503619365394,9.532036745920777,,6219374.0,5107576832
libero_object,0,pick up the alphabet soup and place it in the basket,40,fresh,1,136,9,9,50.29005039576441,1.1877813087776303,1.1983405467122794,10.683017578907311,,6972577.0,5107576832
libero_goal,0,open the middle drawer of the cabinet,1,fresh,1,121,8,8,54.88683735951781,1.1778646493330598,1.1929442981258034,9.447718326933682,,7071688.0,5107576832
libero_goal,0,open the middle drawer of the cabinet,2,fresh,1,122,8,8,56.009213073179126,1.1929830014705658,1.1965584830380975,9.51953078340739,,7135243.0,5107576832
libero_goal,0,open the middle drawer of the cabinet,3,fresh,1,113,8,8,54.071012732572854,1.188800466246903,1.2192211348563433,9.550614982843399,,6907179.0,5107576832
libero_goal,0,open the middle drawer of the cabinet,4,fresh,1,120,8,8,55.1988844582811,1.1744113522581756,1.1996644479222596,9.437688881531358,,7068423.0,5107576832
libero_goal,0,open the middle drawer of the cabinet,5,fresh,1,117,8,8,53.270613085478544,1.1734223701059818,1.1880970934405923,9.416843701153994,,6862788.0,5107576832
libero_goal,0,open the middle drawer of the cabinet,6,fresh,1,121,8,8,56.509970707818866,1.1839994164183736,1.1968874690588565,9.489150282926857,,7224790.0,5107576832
libero_goal,0,open the middle drawer of the cabinet,7,fresh,1,128,8,8,57.61531135253608,1.1869184556417167,1.220847507705912,9.556632909923792,,7312938.0,5107576832
libero_goal,0,open the middle drawer of the cabinet,8,fresh,1,125,8,8,59.180395162664354,1.1731005585752428,1.2046771605033428,9.436238986440003,,7421356.0,5107576832
libero_goal,0,open the middle drawer of the cabinet,9,fresh,1,124,8,8,57.29366691224277,1.1724985288456082,1.186200981028378,9.399245092645288,,7241804.0,5107576832
libero_goal,0,open the middle drawer of the cabinet,10,fresh,1,127,8,8,58.0660417387262,1.191081566736102,1.202805660990998,9.527028572745621,,7330069.0,5107576832
libero_goal,0,open the middle drawer of the cabinet,11,fresh,1,133,9,9,59.47975743189454,1.1735579567030072,1.2031279988586903,10.620301010087132,,7731315.0,5107576832
libero_goal,0,open the middle drawer of the cabinet,12,fresh,1,132,9,9,61.527331130579114,1.185648045502603,1.187260914593935,10.620786433108151,,7919561.0,5107576832
libero_goal,0,open the middle drawer of the cabinet,13,fresh,1,126,8,8,57.98887096904218,1.194111187942326,1.2115951957646758,9.559212921187282,,7371673.0,5107576832
libero_goal,0,open the middle drawer of the cabinet,14,fresh,1,122,8,8,56.63066701032221,1.1784549038857222,1.2160458362661302,9.489965047687292,,7202961.0,5107576832
libero_goal,0,open the middle drawer of the cabinet,15,fresh,1,128,8,8,58.375194903463125,1.1761675057932734,1.1952003056649119,9.430103566497564,,7380494.0,5107576832
libero_goal,0,open the middle drawer of the cabinet,16,fresh,1,118,8,8,55.49110326077789,1.1884533669799566,1.1972151633817703,9.508882066234946,,7101212.0,5107576832
libero_goal,0,open the middle drawer of the cabinet,17,fresh,1,117,8,8,54.307965476065874,1.1897040884941816,1.2117991437669844,9.518338406458497,,6984142.0,5107576832
libero_goal,0,open the middle drawer of the cabinet,18,fresh,1,109,7,7,50.92675435170531,1.1857364233583212,1.1869338086806238,8.275847467593849,,6457480.0,5107576832
libero_goal,0,open the middle drawer of the cabinet,19,fresh,1,121,8,8,56.61409786622971,1.1868855329230428,1.192480296920985,9.471300444565713,,7195791.0,5107576832
libero_goal,0,open the middle drawer of the cabinet,20,fresh,1,126,8,8,58.66671402473003,1.1859089927747846,1.2180542279500515,9.540578659623861,,7385216.0,5107576832
libero_goal,0,open the middle drawer of the cabinet,21,fresh,1,139,9,9,63.60832416359335,1.1738246697932482,1.207933236658573,10.62930562440306,,8097594.0,5107576832
libero_goal,0,open the middle drawer of the cabinet,22,fresh,1,109,7,7,49.796713213436306,1.1720513571053743,1.2023816380649806,8.264863554388285,,6323089.0,5107576832
libero_goal,0,open the middle drawer of the cabinet,23,fresh,1,119,8,8,56.77601680252701,1.1869549434632063,1.2020817530807109,9.513914631679654,,7211047.0,5107576832
libero_goal,0,open the middle drawer of the cabinet,24,fresh,1,142,9,9,64.58385533187538,1.1927418038249016,1.2118184197694064,10.75091362837702,,8211966.0,5107576832
libero_goal,0,open the middle drawer of the cabinet,25,fresh,1,118,8,8,56.23473621532321,1.1890492453239858,1.2106841329019518,9.518155339173973,,7156047.0,5107576832
libero_goal,0,open the middle drawer of the cabinet,26,fresh,1,125,8,8,58.46083242353052,1.1739392899908125,1.2326821982394904,9.490610940381885,,7399073.0,5107576832
libero_goal,0,open the middle drawer of the cabinet,27,fresh,1,122,8,8,56.49455361254513,1.1804909445345402,1.2002284836024046,9.458601407706738,,7197207.0,5107576832
libero_goal,0,open the middle drawer of the cabinet,28,fresh,1,129,9,9,61.10372942965478,1.188045953400433,1.2894565934315323,10.975714579224586,,7850763.0,5107576832
libero_goal,0,open the middle drawer of the cabinet,29,fresh,1,122,8,8,55.397067381069064,1.1755413287319243,1.1856875092722476,9.416358730755746,,7134326.0,5107576832
libero_goal,0,open the middle drawer of the cabinet,30,fresh,1,109,7,7,49.651068405248225,1.1971468105912209,1.1995980579406023,8.34966897405684,,6349898.0,5107576832
libero_goal,0,open the middle drawer of the cabinet,31,fresh,1,128,8,8,58.61697824858129,1.1899096379056573,1.212372253322974,9.553061310201883,,7393081.0,5107576832
libero_goal,0,open the middle drawer of the cabinet,32,fresh,1,139,9,9,64.63959804549813,1.171822420321405,1.1982897842302918,10.604925866238773,,8170830.0,5107576832
libero_goal,0,open the middle drawer of the cabinet,33,fresh,1,129,9,9,57.988919449970126,1.1763552501797676,1.1988453403115273,10.639181946404278,,7578388.0,5107576832
libero_goal,0,open the middle drawer of the cabinet,34,fresh,1,135,9,9,63.57462605461478,1.187422594986856,1.2285754619166256,10.758858712390065,,8101391.0,5107576832
libero_goal,0,open the middle drawer of the cabinet,35,fresh,1,121,8,8,55.646336811594665,1.1705847373232245,1.206471345992759,9.427683809772134,,7112679.0,5107576832
libero_goal,0,open the middle drawer of the cabinet,36,fresh,1,126,8,8,57.26085593458265,1.1753952554427087,1.225374745670706,9.481244074180722,,7265941.0,5107576832
libero_goal,0,open the middle drawer of the cabinet,37,fresh,1,119,8,8,55.829644286073744,1.1913636210374534,1.264755962882191,9.62637606356293,,7158258.0,5107576832
libero_goal,0,open the middle drawer of the cabinet,38,fresh,1,120,8,8,55.0692583816126,1.1839460963383317,1.190460311388597,9.461234485730529,,7077025.0,5107576832
libero_goal,0,open the middle drawer of the cabinet,39,fresh,1,125,8,8,56.82032768428326,1.1846445281989872,1.1899803084786982,9.453905909322202,,7262362.0,5107576832
libero_goal,0,open the middle drawer of the cabinet,40,fresh,1,107,7,7,49.96796065662056,1.1897430950775743,1.2231451712548733,8.375796278938651,,6355763.0,5107576832
libero_spatial,0,pick up the black bowl between the plate and the ramekin and place it on the plate,1,ttl,0,220,14,7,88.2763796960935,1.7272200635634363,1.8859410383272914,24.53489153366536,7091131.0,19607651.0,5107576832
libero_spatial,0,pick up the black bowl between the plate and the ramekin and place it on the plate,1,stale,0,220,14,1,82.2260102359578,1.7284827949479222,1.7994532694574445,24.195495295338333,7050005.0,18485091.0,5107576832
libero_spatial,0,pick up the black bowl between the plate and the ramekin and place it on the plate,1,ttl_reindex,0,220,14,7,87.71399017609656,1.6931026470847428,1.7666977420914918,23.876981525681913,6940251.0,19668087.0,5107576832
libero_spatial,0,pick up the black bowl between the plate and the ramekin and place it on the plate,2,ttl,0,220,14,7,83.69341464526951,1.7166795171797276,1.795063421363011,24.203517011366785,7055639.0,19033458.0,5107576832
libero_spatial,0,pick up the black bowl between the plate and the ramekin and place it on the plate,2,ttl_reindex,0,220,14,7,83.29754586517811,1.7230063625611365,1.8187723528128117,24.23387198150158,7083095.0,18815916.0,5107576832
libero_spatial,0,pick up the black bowl between the plate and the ramekin and place it on the plate,2,stale,0,220,14,1,80.1840300988406,1.7194589716382325,1.7685305063147099,24.05053738411516,7018777.0,18211725.0,5107576832
libero_spatial,0,pick up the black bowl between the plate and the ramekin and place it on the plate,3,ttl,0,220,14,7,84.65026984736323,1.7163726668804884,1.7565571850165724,24.046997779980302,6997838.0,19158680.0,5107576832
libero_spatial,0,pick up the black bowl between the plate and the ramekin and place it on the plate,3,stale,0,220,14,1,82.15889689140022,1.743181912228465,1.796123923221603,24.30566563922912,7084031.0,18728819.0,5107576832
libero_spatial,0,pick up the black bowl between the plate and the ramekin and place it on the plate,3,ttl_reindex,0,220,14,7,85.17709491029382,1.722187204286456,1.814805884147063,24.347602165304124,7088425.0,19121322.0,5107576832
libero_spatial,0,pick up the black bowl between the plate and the ramekin and place it on the plate,4,stale,0,220,14,1,80.77724264003336,1.6966367783024907,1.768717876728624,23.917618728242815,7003112.0,18315404.0,5107576832
libero_spatial,0,pick up the black bowl between the plate and the ramekin and place it on the plate,4,ttl_reindex,0,220,14,7,84.81950045749545,1.726945860311389,1.7832981983199716,24.332510105334222,7071894.0,19190573.0,5107576832
libero_spatial,0,pick up the black bowl between the plate and the ramekin and place it on the plate,4,ttl,0,220,14,7,85.3726547518745,1.725958059541881,1.8071063501294702,24.351086755283177,7134106.0,19151693.0,5107576832
libero_spatial,0,pick up the black bowl between the plate and the ramekin and place it on the plate,5,stale,0,220,14,1,83.05120722483844,1.7332797842100263,1.8131795892026275,24.388037050142884,7090855.0,18816437.0,5107576832
libero_spatial,0,pick up the black bowl between the plate and the ramekin and place it on the plate,5,ttl,0,220,14,7,89.34428902808577,1.7092079976573586,1.8212224737741052,24.208057725802064,7064871.0,19971067.0,5107576832
libero_spatial,0,pick up the black bowl between the plate and the ramekin and place it on the plate,5,ttl_reindex,0,220,14,7,89.65104436222464,1.7428800771012902,1.8137580243404954,24.448321289382875,7121290.0,20104695.0,5107576832
libero_spatial,0,pick up the black bowl between the plate and the ramekin and place it on the plate,6,stale,0,220,14,1,82.67024672869593,1.721270889043808,1.773846825491637,24.136271678842604,7020338.0,18716552.0,5107576832
libero_spatial,0,pick up the black bowl between the plate and the ramekin and place it on the plate,6,ttl,1,174,11,6,69.70365613605827,1.4787239106371999,1.546026786789298,16.336819612421095,4706489.0,12715024.0,5107576832
libero_spatial,0,pick up the black bowl between the plate and the ramekin and place it on the plate,6,ttl_reindex,1,174,11,6,69.13107916060835,1.4605847774073482,1.553232533391565,16.28282852936536,4569973.0,12513814.0,5107576832
libero_spatial,0,pick up the black bowl between the plate and the ramekin and place it on the plate,7,ttl,0,220,14,7,88.90907695982605,1.4618830978870392,1.5257281939964742,20.47714706417173,5870353.0,16128498.0,5107576832
libero_spatial,0,pick up the black bowl between the plate and the ramekin and place it on the plate,7,ttl_reindex,0,220,14,7,89.7171068796888,1.4876601747237146,1.5596693586558104,20.935814766213298,5951560.0,16223721.0,5107576832
libero_spatial,0,pick up the black bowl between the plate and the ramekin and place it on the plate,7,stale,0,220,14,1,82.40821136534214,1.4695282350294292,1.5459105255547911,20.71369874663651,5905043.0,15280582.0,5107576832
libero_spatial,0,pick up the black bowl between the plate and the ramekin and place it on the plate,8,ttl,0,220,14,7,87.97977862879634,1.5136903072707355,1.7341078487690538,22.011850942857563,6348815.0,17702047.0,5107576832
libero_spatial,0,pick up the black bowl between the plate and the ramekin and place it on the plate,8,ttl_reindex,0,220,14,7,87.79382103029639,1.722511094994843,1.7880854671355337,24.16629473119974,7022306.0,19737625.0,5107576832
libero_spatial,0,pick up the black bowl between the plate and the ramekin and place it on the plate,8,stale,0,220,14,1,82.50756526552141,1.7238989202305675,1.7799269519746304,24.184967759996653,7050438.0,18726435.0,5107576832
libero_spatial,0,pick up the black bowl between the plate and the ramekin and place it on the plate,9,stale,0,220,14,1,83.4669273532927,1.7236536447890103,1.8440987806767226,24.388436482287943,7087030.0,18876277.0,5107576832
libero_spatial,0,pick up the black bowl between the plate and the ramekin and place it on the plate,9,ttl_reindex,0,220,14,7,86.2178442561999,1.7382774958387017,1.7987567546311767,24.372948614880443,7113837.0,19511335.0,5107576832
libero_spatial,0,pick up the black bowl between the plate and the ramekin and place it on the plate,9,ttl,0,220,14,7,86.87209476530552,1.7031335993669927,1.8221545333974063,24.112111255526543,7053434.0,19577226.0,5107576832
libero_spatial,0,pick up the black bowl between the plate and the ramekin and place it on the plate,10,ttl_reindex,0,220,14,7,89.60381659399718,1.701693492475897,1.8198977489490062,24.195000543259084,7032343.0,20140712.0,5107576832
libero_spatial,0,pick up the black bowl between the plate and the ramekin and place it on the plate,10,stale,0,220,14,1,81.81162043474615,1.7365193516016006,1.7865303442347795,24.275712213478982,7073297.0,18760388.0,5107576832
libero_spatial,0,pick up the black bowl between the plate and the ramekin and place it on the plate,10,ttl,0,220,14,7,90.399403992109,1.708920958917588,1.7888685217127205,24.154541398398578,7095285.0,20355298.0,5107576832
libero_spatial,0,pick up the black bowl between the plate and the ramekin and place it on the plate,11,ttl,0,220,14,7,90.31051374413073,1.7115330235101283,1.779897076403722,24.120777464471757,7051746.0,20199199.0,5107576832
libero_spatial,0,pick up the black bowl between the plate and the ramekin and place it on the plate,11,stale,0,220,14,1,83.08129351120442,1.7222126042470336,1.7948396944906562,24.2107238098979,7054008.0,18794213.0,5107576832
libero_spatial,0,pick up the black bowl between the plate and the ramekin and place it on the plate,11,ttl_reindex,0,220,14,7,90.53857217915356,1.7339783255010843,1.8296232282649725,24.42404366005212,7077144.0,20199057.0,5107576832
libero_spatial,0,pick up the black bowl between the plate and the ramekin and place it on the plate,12,stale,0,220,14,1,83.51770919095725,1.7158413203433156,1.7503751653246582,24.003680620342493,7071063.0,18978309.0,5107576832
libero_spatial,0,pick up the black bowl between the plate and the ramekin and place it on the plate,12,ttl_reindex,0,220,14,7,85.58811427559704,1.7584161390550435,1.829482943098992,24.54156424012035,7183714.0,19357699.0,5107576832
libero_spatial,0,pick up the black bowl between the plate and the ramekin and place it on the plate,12,ttl,0,220,14,7,85.77451783977449,1.7350062024779618,1.8067559755407274,24.227013355121017,7087420.0,19323703.0,5107576832
libero_spatial,0,pick up the black bowl between the plate and the ramekin and place it on the plate,13,ttl,0,220,14,7,86.83431988582015,1.7458260958082974,1.8180054301396011,24.408659040927887,7024264.0,19684376.0,5107576832
libero_spatial,0,pick up the black bowl between the plate and the ramekin and place it on the plate,13,ttl_reindex,0,220,14,7,86.83047905378044,1.761682721786201,1.8090573430527002,24.53161320462823,7160892.0,19560785.0,5107576832
libero_spatial,0,pick up the black bowl between the plate and the ramekin and place it on the plate,13,stale,0,220,14,1,81.64858867414296,1.713237832300365,1.77900400320068,24.153065993450582,7042850.0,18556470.0,5107576832
libero_spatial,0,pick up the black bowl between the plate and the ramekin and place it on the plate,14,stale,0,220,14,1,82.33878959156573,1.7452251804061234,1.8017670827452092,24.383567259646952,7134309.0,18842349.0,5107576832
libero_spatial,0,pick up the black bowl between the plate and the ramekin and place it on the plate,14,ttl,0,220,14,7,85.26552005577832,1.7400039238855243,1.7916067112702876,24.352114694193006,7099370.0,19314176.0,5107576832
libero_spatial,0,pick up the black bowl between the plate and the ramekin and place it on the plate,14,ttl_reindex,0,220,14,7,85.25447687972337,1.7386066848412156,1.836807119147852,24.419600405730307,7110902.0,19316931.0,5107576832
libero_spatial,0,pick up the black bowl between the plate and the ramekin and place it on the plate,15,ttl,0,220,14,7,86.53606014605612,1.7400727975182235,1.8138855021912605,24.3591180536896,7022602.0,19652048.0,5107576832
libero_spatial,0,pick up the black bowl between the plate and the ramekin and place it on the plate,15,ttl_reindex,0,220,14,7,86.61431749351323,1.722641948144883,1.8201084638014435,24.28545760642737,7001408.0,19521553.0,5107576832
libero_spatial,0,pick up the black bowl between the plate and the ramekin and place it on the plate,15,stale,0,220,14,1,82.62707739789039,1.7218505563214421,1.8282845330424606,24.376414896920323,7068547.0,18735104.0,5107576832
libero_spatial,0,pick up the black bowl between the plate and the ramekin and place it on the plate,16,ttl_reindex,0,220,14,7,89.15805933251977,1.7430185903795063,1.8138582493644209,24.39107514359057,7136197.0,20081175.0,5107576832
libero_spatial,0,pick up the black bowl between the plate and the ramekin and place it on the plate,16,ttl,0,220,14,7,87.58515039645135,1.7027997998520732,1.7686423955950885,23.596270713955164,6831840.0,19228237.0,5107576832
libero_spatial,0,pick up the black bowl between the plate and the ramekin and place it on the plate,16,stale,0,220,14,1,81.3505813954398,1.4835121519863605,1.5404917533043772,20.790564809925854,5952391.0,15130956.0,5107576832
libero_spatial,0,pick up the black bowl between the plate and the ramekin and place it on the plate,17,ttl_reindex,0,220,14,7,84.03287022095174,1.4647226184606552,1.5196387979201973,20.614682060666382,5793753.0,15331521.0,5107576832
libero_spatial,0,pick up the black bowl between the plate and the ramekin and place it on the plate,17,ttl,0,220,14,7,85.55004502739757,1.4541310430504382,1.4953988057561218,20.312273619696498,5855457.0,15660369.0,5107576832
libero_spatial,0,pick up the black bowl between the plate and the ramekin and place it on the plate,17,stale,0,220,14,1,82.05793530121446,1.4648155188187957,1.5279655150603504,20.4872864484787,5859853.0,15207440.0,5107576832
libero_spatial,0,pick up the black bowl between the plate and the ramekin and place it on the plate,18,stale,0,220,14,1,80.12990746460855,1.4452653019689023,1.5139165559317918,20.39767198264599,5858501.0,14951781.0,5107576832
libero_spatial,0,pick up the black bowl between the plate and the ramekin and place it on the plate,18,ttl,0,220,14,7,86.52425179257989,1.7000687695108354,1.784431971469894,23.31434334628284,6821608.0,18639838.0,5107576832
libero_spatial,0,pick up the black bowl between the plate and the ramekin and place it on the plate,18,ttl_reindex,0,220,14,7,86.98351005557925,1.7080565448850393,1.7939130892511457,24.07426497898996,6997143.0,19776917.0,5107576832
libero_spatial,0,pick up the black bowl between the plate and the ramekin and place it on the plate,19,ttl_reindex,0,220,14,7,85.97866372019053,1.7604619972407818,1.8288535924628377,24.57175054308027,7115282.0,19480589.0,5107576832
libero_spatial,0,pick up the black bowl between the plate and the ramekin and place it on the plate,19,stale,0,220,14,1,83.36936625279486,1.7485518334433436,1.818135040998459,24.449534945189953,7142085.0,18932653.0,5107576832
libero_spatial,0,pick up the black bowl between the plate and the ramekin and place it on the plate,19,ttl,0,220,14,7,86.62662171944976,1.725422555115074,1.8002393296454102,24.264197131618857,7042720.0,19628804.0,5107576832
libero_spatial,0,pick up the black bowl between the plate and the ramekin and place it on the plate,20,ttl_reindex,0,220,14,7,86.71415108721703,1.7284813481383026,1.7910895652603358,24.291748926974833,7053215.0,19584388.0,5107576832
libero_spatial,0,pick up the black bowl between the plate and the ramekin and place it on the plate,20,stale,0,220,14,1,84.50029286183417,1.743691864889115,1.840717432880774,24.54875317402184,7090133.0,19181008.0,5107576832
libero_spatial,0,pick up the black bowl between the plate and the ramekin and place it on the plate,20,ttl,0,220,14,7,86.96916901133955,1.7565165176056325,1.8307162959594279,24.66062503028661,7168858.0,19690351.0,5107576832
libero_spatial,0,pick up the black bowl between the plate and the ramekin and place it on the plate,21,stale,0,220,14,1,83.0672902725637,1.7497066813521087,1.8141065201722086,24.372147861868143,7054121.0,18920382.0,5107576832
libero_spatial,0,pick up the black bowl between the plate and the ramekin and place it on the plate,21,ttl_reindex,0,220,14,7,87.70549234375358,1.712770295329392,1.7372770488727838,23.911519587039948,6995446.0,19734689.0,5107576832
libero_spatial,0,pick up the black bowl between the plate and the ramekin and place it on the plate,21,ttl,0,220,14,7,88.13103509321809,1.724460192490369,1.7793246758170427,24.316516242921352,7099413.0,19890393.0,5107576832
libero_spatial,0,pick up the black bowl between the plate and the ramekin and place it on the plate,22,stale,0,220,14,1,82.0389954354614,1.7277995245531201,1.7865722549613565,24.272260813973844,7153620.0,18681032.0,5107576832
libero_spatial,0,pick up the black bowl between the plate and the ramekin and place it on the plate,22,ttl_reindex,1,112,7,4,46.71081091929227,1.730847790837288,1.8115828033536672,12.174798617139459,3534511.0,10480966.0,5107576832
libero_spatial,0,pick up the black bowl between the plate and the ramekin and place it on the plate,22,ttl,1,112,7,4,45.5427352078259,1.7080462025478482,1.7937056805007159,12.06370673328638,3471218.0,10211643.0,5107576832
libero_spatial,0,pick up the black bowl between the plate and the ramekin and place it on the plate,23,ttl_reindex,0,220,14,7,86.63093853369355,1.7115531698800623,1.7581312080379576,24.016083896160126,7056558.0,19558133.0,5107576832
libero_spatial,0,pick up the black bowl between the plate and the ramekin and place it on the plate,23,ttl,0,220,14,7,86.55967992264777,1.7125000478699803,1.814668505033478,24.25119916908443,7015090.0,19487552.0,5107576832
libero_spatial,0,pick up the black bowl between the plate and the ramekin and place it on the plate,23,stale,0,220,14,1,81.66726643033326,1.7427274230867624,1.8222436100244521,24.365316080860794,7097904.0,18630625.0,5107576832
libero_spatial,0,pick up the black bowl between the plate and the ramekin and place it on the plate,24,stale,0,220,14,1,81.4833044372499,1.728683012071997,1.7812737395055591,24.266124162822962,7065473.0,18620808.0,5107576832
libero_spatial,0,pick up the black bowl between the plate and the ramekin and place it on the plate,24,ttl,0,220,14,7,86.47936288546771,1.7376753753051162,1.785733756562695,24.307688844390213,7082544.0,19469237.0,5107576832
libero_spatial,0,pick up the black bowl between the plate and the ramekin and place it on the plate,24,ttl_reindex,0,220,14,7,88.28714195266366,1.7287311195395887,1.7798206406179815,24.207701290026307,7001867.0,19807295.0,5107576832
libero_spatial,0,pick up the black bowl between the plate and the ramekin and place it on the plate,25,stale,0,220,14,1,82.27211528271437,1.7278114990331233,1.8072433257475495,24.23193026892841,7040385.0,18741477.0,5107576832
libero_spatial,0,pick up the black bowl between the plate and the ramekin and place it on the plate,25,ttl,0,220,14,7,87.85623061470687,1.7155748819932342,1.8113773403223603,24.250071339309216,7043909.0,19753386.0,5107576832
libero_spatial,0,pick up the black bowl between the plate and the ramekin and place it on the plate,25,ttl_reindex,0,220,14,7,87.03162886481732,1.7104728133417666,1.7939274274744093,24.088685560040176,7087167.0,19656761.0,5107576832
libero_spatial,0,pick up the black bowl between the plate and the ramekin and place it on the plate,26,ttl_reindex,0,220,14,7,87.02794265188277,1.730621607042849,1.7895911673083902,24.235162337310612,7083976.0,19601116.0,5107576832
libero_spatial,0,pick up the black bowl between the plate and the ramekin and place it on the plate,26,stale,0,220,14,1,82.91593796759844,1.706688342615962,1.826483493624255,24.16825815383345,7085194.0,18843761.0,5107576832
libero_spatial,0,pick up the black bowl between the plate and the ramekin and place it on the plate,26,ttl,0,220,14,7,86.44395029172301,1.7136037820018828,1.8134359762538224,24.245701605454087,7089331.0,19527303.0,5107576832
libero_spatial,0,pick up the black bowl between the plate and the ramekin and place it on the plate,27,stale,0,220,14,1,80.80003124568611,1.4763038270175457,1.7310536127537488,21.493273934349418,6208329.0,16256460.0,5107576832
libero_spatial,0,pick up the black bowl between the plate and the ramekin and place it on the plate,27,ttl,0,220,14,7,84.18533156812191,1.4518797108903527,1.4933522439561784,20.323887552134693,5845294.0,15374928.0,5107576832
libero_spatial,0,pick up the black bowl between the plate and the ramekin and place it on the plate,27,ttl_reindex,0,220,14,7,85.54424214735627,1.4503649356774986,1.5479402696248143,20.526508544571698,5849761.0,15607048.0,5107576832
libero_spatial,0,pick up the black bowl between the plate and the ramekin and place it on the plate,28,ttl_reindex,0,220,14,7,87.51642611157149,1.4753331998363137,1.5070267983712256,20.674480794928968,5850850.0,15977905.0,5107576832
libero_spatial,0,pick up the black bowl between the plate and the ramekin and place it on the plate,28,ttl,0,220,14,7,87.65693248063326,1.4738060366362333,1.539512542448938,20.683369647711515,5936669.0,16015064.0,5107576832
libero_spatial,0,pick up the black bowl between the plate and the ramekin and place it on the plate,28,stale,0,220,14,1,81.09078707825392,1.5252939937636256,1.782171703921631,21.829396528191864,6235590.0,16059783.0,5107576832
libero_spatial,0,pick up the black bowl between the plate and the ramekin and place it on the plate,29,ttl,0,220,14,7,86.8642949424684,1.7330947904847562,1.8209295875858516,24.3499200521037,7061775.0,19548907.0,5107576832
libero_spatial,0,pick up the black bowl between the plate and the ramekin and place it on the plate,29,stale,0,220,14,1,82.15784493368119,1.748935281764716,1.819087668787688,24.48261291626841,7057237.0,18702807.0,5107576832
libero_spatial,0,pick up the black bowl between the plate and the ramekin and place it on the plate,29,ttl_reindex,0,220,14,7,86.2390507152304,1.7491432423703372,1.817415577499196,24.539271431975067,7082105.0,19477290.0,5107576832
libero_spatial,0,pick up the black bowl between the plate and the ramekin and place it on the plate,30,stale,0,220,14,1,83.47742581553757,1.7092120968736708,1.793568097660318,24.271533340215683,7000078.0,19019091.0,5107576832
libero_spatial,0,pick up the black bowl between the plate and the ramekin and place it on the plate,30,ttl,0,220,14,7,85.87496027350426,1.7348074619658291,1.7884101273026318,24.274568223394454,7043192.0,19333742.0,5107576832
libero_spatial,0,pick up the black bowl between the plate and the ramekin and place it on the plate,30,ttl_reindex,0,220,14,7,86.45515985786915,1.7410185309126973,1.826945779984817,24.509201512672007,7096004.0,19546637.0,5107576832
libero_spatial,0,pick up the black bowl between the plate and the ramekin and place it on the plate,31,stale,0,220,14,1,83.01978042535484,1.7368444562889636,1.7816862944979222,24.301906070671976,7038781.0,18741216.0,5107576832
libero_spatial,0,pick up the black bowl between the plate and the ramekin and place it on the plate,31,ttl,0,220,14,7,85.57157298084348,1.7471922314725816,1.7920194261241704,24.344046991318464,7102557.0,19337547.0,5107576832
libero_spatial,0,pick up the black bowl between the plate and the ramekin and place it on the plate,31,ttl_reindex,0,220,14,7,85.37158052809536,1.72788141714409,1.777576617291197,24.20494041685015,7065512.0,19288355.0,5107576832
libero_spatial,0,pick up the black bowl between the plate and the ramekin and place it on the plate,32,ttl,0,220,14,7,90.62199379969388,1.7727481028996408,1.8314514643047004,24.684629983268678,7123347.0,20379888.0,5107576832
libero_spatial,0,pick up the black bowl between the plate and the ramekin and place it on the plate,32,ttl_reindex,0,220,14,7,89.6952737653628,1.7037023319862783,1.8115290149115026,24.113628290593624,7077011.0,20196659.0,5107576832
libero_spatial,0,pick up the black bowl between the plate and the ramekin and place it on the plate,32,stale,0,220,14,1,82.73681789264083,1.740974492393434,1.8228950453456492,24.50539082288742,7127277.0,18761536.0,5107576832
libero_spatial,0,pick up the black bowl between the plate and the ramekin and place it on the plate,33,ttl_reindex,0,220,14,7,91.08660277165473,1.7349224230274558,1.7798609951976687,24.247234508395195,7051742.0,20541513.0,5107576832
libero_spatial,0,pick up the black bowl between the plate and the ramekin and place it on the plate,33,stale,0,220,14,1,80.54981723800302,1.7307173823937774,1.8024635632056742,24.257750677876174,7123383.0,18292706.0,5107576832
libero_spatial,0,pick up the black bowl between the plate and the ramekin and place it on the plate,33,ttl,0,220,14,7,91.76223633624613,1.7268767966888845,1.7714826287236065,24.251162433996797,7058705.0,20653142.0,5107576832
libero_spatial,0,pick up the black bowl between the plate and the ramekin and place it on the plate,34,ttl_reindex,0,220,14,7,90.75213421788067,1.7261726846918464,1.8231246853712946,24.369528462179005,7114609.0,20504065.0,5107576832
libero_spatial,0,pick up the black bowl between the plate and the ramekin and place it on the plate,34,ttl,0,220,14,7,90.82298308610916,1.7256470541469753,1.8419259060639888,24.370290173217654,7106420.0,20397118.0,5107576832
libero_spatial,0,pick up the black bowl between the plate and the ramekin and place it on the plate,34,stale,0,220,14,1,83.39243330154568,1.7214674036949873,1.8174288309644908,24.382988383993506,7096448.0,18873344.0,5107576832
libero_spatial,0,pick up the black bowl between the plate and the ramekin and place it on the plate,35,ttl,0,220,14,7,86.15714045241475,1.7251739287748933,1.7969951224979013,24.26861184090376,7111655.0,19432748.0,5107576832
libero_spatial,0,pick up the black bowl between the plate and the ramekin and place it on the plate,35,stale,0,220,14,1,81.62815068755299,1.71853196201846,1.8177514714188874,24.365219590254128,7108111.0,18534813.0,5107576832
libero_spatial,0,pick up the black bowl between the plate and the ramekin and place it on the plate,35,ttl_reindex,0,220,14,7,85.9166765594855,1.7171801724471152,1.7839786468073726,24.14969872497022,7033982.0,19384467.0,5107576832
libero_spatial,0,pick up the black bowl between the plate and the ramekin and place it on the plate,36,ttl_reindex,0,220,14,7,87.22666396852583,1.7186967902816832,1.7945358823053539,24.210213027894497,7092459.0,19707584.0,5107576832
libero_spatial,0,pick up the black bowl between the plate and the ramekin and place it on the plate,36,ttl,0,220,14,7,88.00450290553272,1.737256751395762,1.7984012812841683,24.32283831294626,7073596.0,19794990.0,5107576832
libero_spatial,0,pick up the black bowl between the plate and the ramekin and place it on the plate,36,stale,0,220,14,1,83.72986370604485,1.7380337230861187,1.8287155095953493,24.458643851801753,7104682.0,19147850.0,5107576832
libero_spatial,0,pick up the black bowl between the plate and the ramekin and place it on the plate,37,ttl,0,220,14,7,86.9276666669175,1.727506137918681,1.7721252953633666,23.939678717404604,6985613.0,19312844.0,5107576832
libero_spatial,0,pick up the black bowl between the plate and the ramekin and place it on the plate,37,stale,0,220,14,1,80.79341063182801,1.4543006578460336,1.5628090386278928,20.65693051740527,5906269.0,15066155.0,5107576832
libero_spatial,0,pick up the black bowl between the plate and the ramekin and place it on the plate,37,ttl_reindex,0,220,14,7,86.25810255948454,1.4814746268093586,1.5357726852409541,20.76429944857955,5929418.0,15676266.0,5107576832
libero_spatial,0,pick up the black bowl between the plate and the ramekin and place it on the plate,38,ttl_reindex,0,220,14,7,84.83387892972678,1.4625489893369377,1.544609246123582,20.608644421212375,5944590.0,15467500.0,5107576832
libero_spatial,0,pick up the black bowl between the plate and the ramekin and place it on the plate,38,stale,0,220,14,1,81.83302731532604,1.4658544650301337,1.5410042903386056,20.606027365662158,5887594.0,15187267.0,5107576832
libero_spatial,0,pick up the black bowl between the plate and the ramekin and place it on the plate,38,ttl,0,220,14,7,84.56511134188622,1.4731821264140308,1.548735943250358,20.76607418525964,5928172.0,15656308.0,5107576832
libero_spatial,0,pick up the black bowl between the plate and the ramekin and place it on the plate,39,ttl_reindex,0,220,14,7,89.94280031789094,1.703184902202338,1.8154957661870867,23.658022166229784,6823679.0,19372854.0,5107576832
libero_spatial,0,pick up the black bowl between the plate and the ramekin and place it on the plate,39,stale,0,220,14,1,83.03104925248772,1.7409466258250177,1.8042958741076291,24.38718602899462,7021800.0,18790919.0,5107576832
libero_spatial,0,pick up the black bowl between the plate and the ramekin and place it on the plate,39,ttl,0,220,14,7,90.81725403945893,1.7542595108971,1.7886443661525846,24.328442786820233,7026590.0,20305321.0,5107576832
libero_spatial,0,pick up the black bowl between the plate and the ramekin and place it on the plate,40,ttl,0,220,14,7,86.51120716053993,1.7233270341530442,1.7914606831036508,24.285344906151295,7053209.0,19535442.0,5107576832
libero_spatial,0,pick up the black bowl between the plate and the ramekin and place it on the plate,40,stale,0,220,14,1,82.82222225610167,1.7327996636740863,1.8218315980397164,24.397841571830213,7192604.0,18745053.0,5107576832
libero_spatial,0,pick up the black bowl between the plate and the ramekin and place it on the plate,40,ttl_reindex,0,220,14,7,85.94863024912775,1.7033682311885059,1.7652665477711706,24.034341673366725,6977171.0,19222261.0,5107576832
libero_object,0,pick up the alphabet soup and place it in the basket,1,ttl,1,267,17,9,98.6263174591586,1.1993323508650064,1.7185003658756597,22.93897503055632,5875893.0,13539371.0,5107576832
libero_object,0,pick up the alphabet soup and place it in the basket,1,stale,0,280,18,1,92.59794573206455,1.2007908103987575,1.2097852353006602,21.60805187281221,5950319.0,13284111.0,5107576832
libero_object,0,pick up the alphabet soup and place it in the basket,1,ttl_reindex,1,267,17,9,95.23922782484442,1.1947030508890748,1.2071722637861968,20.359127472154796,5782530.0,13271912.0,5107576832
libero_object,0,pick up the alphabet soup and place it in the basket,2,ttl,0,280,18,9,97.19957580044866,1.1991968811489642,1.2080391389783471,21.594740195199847,6012264.0,13654458.0,5107576832
libero_object,0,pick up the alphabet soup and place it in the basket,2,ttl_reindex,0,280,18,9,97.62121125031263,1.1975037972442806,1.2117311825975776,21.59257171675563,6117459.0,13713873.0,5107576832
libero_object,0,pick up the alphabet soup and place it in the basket,2,stale,0,280,18,1,91.03009527456015,1.1968125980347395,1.2105903449002653,21.593582171946764,5994621.0,13129121.0,5107576832
libero_object,0,pick up the alphabet soup and place it in the basket,3,ttl,0,280,18,9,95.97278518881649,1.199957873672247,1.209496727073565,21.601226834580302,6009282.0,13591963.0,5107576832
libero_object,0,pick up the alphabet soup and place it in the basket,3,stale,0,280,18,1,90.52655374445021,1.1981493714265525,1.2085572951473296,21.58164548687637,6030493.0,13076046.0,5107576832
libero_object,0,pick up the alphabet soup and place it in the basket,3,ttl_reindex,0,280,18,9,95.73290566541255,1.1966377701610327,1.2099844356998801,21.58769476506859,6003174.0,13540134.0,5107576832
libero_object,0,pick up the alphabet soup and place it in the basket,4,stale,0,280,18,1,91.0551420012489,1.200924781151116,1.2121323206461967,21.63469124957919,6025505.0,13115326.0,5107576832
libero_object,0,pick up the alphabet soup and place it in the basket,4,ttl_reindex,1,275,18,9,98.57353223487735,1.196673299651593,1.2080529067199677,21.562453602440655,6040097.0,13819558.0,5107576832
libero_object,0,pick up the alphabet soup and place it in the basket,4,ttl,1,275,18,9,100.5291255209595,1.197930530179292,1.20891124419868,21.579757699742913,6042547.0,13951469.0,5107576832
libero_object,0,pick up the alphabet soup and place it in the basket,5,stale,0,280,18,1,91.27664694003761,1.1979474006220698,1.208259961521253,21.576989985071123,6031747.0,13112331.0,5107576832
libero_object,0,pick up the alphabet soup and place it in the basket,5,ttl,0,280,18,9,99.14298211969435,1.1984620112925768,1.209540785383433,21.601539264433086,5985528.0,13837948.0,5107576832
libero_object,0,pick up the alphabet soup and place it in the basket,5,ttl_reindex,0,280,18,9,98.11752916499972,1.1965641863644123,1.2061790985520928,21.573867078870535,6033196.0,13765278.0,5107576832
libero_object,0,pick up the alphabet soup and place it in the basket,6,stale,0,280,18,1,92.26993555296212,1.2025381084531546,1.2090363159310074,21.636766592040658,6035916.0,13262912.0,5107576832
libero_object,0,pick up the alphabet soup and place it in the basket,6,ttl,0,280,18,9,97.98698186315596,1.2000544536858797,1.2104523801244795,21.621583184227347,6080528.0,13795222.0,5107576832
libero_object,0,pick up the alphabet soup and place it in the basket,6,ttl_reindex,0,280,18,9,97.84935386665165,1.2043776023201644,1.2091849567368627,21.636067115701735,6036527.0,13752633.0,5107576832
libero_object,0,pick up the alphabet soup and place it in the basket,7,ttl,0,280,18,9,97.22784595750272,1.1995561579242349,1.2093751187901944,21.59621399641037,6014011.0,13670871.0,5107576832
libero_object,0,pick up the alphabet soup and place it in the basket,7,ttl_reindex,0,280,18,9,98.27969046495855,1.195122162811458,1.2054931471589954,21.54178950097412,6012413.0,13800906.0,5107576832
libero_object,0,pick up the alphabet soup and place it in the basket,7,stale,0,280,18,1,92.2910505598411,1.1984518636018038,1.2087660989258437,21.58549647592008,6025823.0,13229982.0,5107576832
libero_object,0,pick up the alphabet soup and place it in the basket,8,ttl,1,271,17,9,94.03997581452131,1.1968146869912744,1.2096915144473315,20.38797899801284,5686295.0,13202720.0,5107576832
libero_object,0,pick up the alphabet soup and place it in the basket,8,ttl_reindex,1,271,17,9,94.20771963708103,1.198999178595841,1.2104260891675949,20.377090075053275,5703096.0,13156171.0,5107576832
libero_object,0,pick up the alphabet soup and place it in the basket,8,stale,0,280,18,1,91.35254540387541,1.2007957035675645,1.2115143198519944,21.62877178285271,6069266.0,13156843.0,5107576832
libero_object,0,pick up the alphabet soup and place it in the basket,9,stale,0,280,18,1,91.82433644402772,1.2027887920849025,1.2108730237465353,21.63532845210284,5990749.0,13220945.0,5107576832
libero_object,0,pick up the alphabet soup and place it in the basket,9,ttl_reindex,0,280,18,9,98.65182264894247,1.1950504346750677,1.2099951861426235,21.558240453712642,6059638.0,13835743.0,5107576832
libero_object,0,pick up the alphabet soup and place it in the basket,9,ttl,0,280,18,9,97.57002885453403,1.196188684552908,1.2072847419884056,21.57067781686783,6037477.0,13729167.0,5107576832
libero_object,0,pick up the alphabet soup and place it in the basket,10,ttl_reindex,0,280,18,9,99.64902988169342,1.199587803799659,1.2073122473433613,21.59287554770708,6042350.0,13959369.0,5107576832
libero_object,0,pick up the alphabet soup and place it in the basket,10,stale,0,280,18,1,90.89112889021635,1.1981460815295577,1.2109869314357637,21.597260668873787,6042067.0,13152770.0,5107576832
libero_object,0,pick up the alphabet soup and place it in the basket,10,ttl,0,280,18,9,99.97398361563683,1.1997332805767655,1.2082916493993252,21.605884780175984,5964047.0,14005408.0,5107576832
libero_object,0,pick up the alphabet soup and place it in the basket,11,ttl,0,280,18,9,97.1275645615533,1.2015230590477586,1.2077597158029676,21.601782953366637,6030314.0,13701194.0,5107576832
libero_object,0,pick up the alphabet soup and place it in the basket,11,stale,0,280,18,1,91.58157434687018,1.2007426749914885,1.2125047216191889,21.61571784131229,6070375.0,13199377.0,5107576832
libero_object,0,pick up the alphabet soup and place it in the basket,11,ttl_reindex,0,280,18,9,97.82976201735437,1.1993583063594997,1.205814885534346,21.59044789429754,6030793.0,13774225.0,5107576832
libero_object,0,pick up the alphabet soup and place it in the basket,12,stale,0,280,18,1,91.16080569289625,1.2023509261198342,1.2092212612275035,21.63151676207781,6054841.0,13150735.0,5107576832
libero_object,0,pick up the alphabet soup and place it in the basket,12,ttl_reindex,0,280,18,9,98.22339073382318,1.1975859170779586,1.2055875367019326,21.569019640795887,6017265.0,13822933.0,5107576832
libero_object,0,pick up the alphabet soup and place it in the basket,12,ttl,0,280,18,9,97.99129205849022,1.1949564777314663,1.2041053287684917,21.54271398112178,6057793.0,13780178.0,5107576832
libero_object,0,pick up the alphabet soup and place it in the basket,13,ttl,0,280,18,9,98.82195617351681,1.202178562991321,1.2100586672313511,21.618910677731037,6087656.0,13849029.0,5107576832
libero_object,0,pick up the alphabet soup and place it in the basket,13,ttl_reindex,0,280,18,9,96.11474904138595,1.1950427466072142,1.2051992655731738,21.537249167449772,6029835.0,13633913.0,5107576832
libero_object,0,pick up the alphabet soup and place it in the basket,13,stale,0,280,18,1,90.59718887135386,1.1967732226476073,1.2108151744585485,21.590488041751087,6033333.0,13089376.0,5107576832
libero_object,0,pick up the alphabet soup and place it in the basket,14,stale,0,280,18,1,95.54075108934194,1.198933165986091,1.2091363290324808,21.600849987007678,6018754.0,13575217.0,5107576832
libero_object,0,pick up the alphabet soup and place it in the basket,14,ttl,1,263,17,9,92.72148110158741,1.1959890043362975,1.2093660112470388,20.376087179407477,5702212.0,13012087.0,5107576832
libero_object,0,pick up the alphabet soup and place it in the basket,14,ttl_reindex,1,263,17,9,92.42410520650446,1.1945770792663097,1.1987378492951393,20.30891976505518,5669371.0,12991034.0,5107576832
libero_object,0,pick up the alphabet soup and place it in the basket,15,ttl,1,277,18,9,99.00537324044853,1.1980336965061724,1.2096397164743393,21.56717295013368,5989597.0,13864219.0,5107576832
libero_object,0,pick up the alphabet soup and place it in the basket,15,ttl_reindex,1,277,18,9,99.34210425056517,1.1965869944542646,1.2071936098393052,21.55798708088696,6037792.0,13898339.0,5107576832
libero_object,0,pick up the alphabet soup and place it in the basket,15,stale,0,280,18,1,92.62089905049652,1.1988863833248615,1.2096030068583787,21.599661408923566,6058403.0,13279793.0,5107576832
libero_object,0,pick up the alphabet soup and place it in the basket,16,ttl_reindex,0,280,18,9,98.53111024573445,1.1987251960672438,1.207975656632334,21.582576819695532,6032366.0,13844994.0,5107576832
libero_object,0,pick up the alphabet soup and place it in the basket,16,ttl,0,280,18,9,96.90141239855438,1.198505749925971,1.2060288671404122,21.585021284408867,5982050.0,13696965.0,5107576832
libero_object,0,pick up the alphabet soup and place it in the basket,16,stale,0,280,18,1,94.72430428583175,1.1954057244583964,1.20714899036102,21.56831969693303,6040506.0,13476323.0,5107576832
libero_object,0,pick up the alphabet soup and place it in the basket,17,ttl_reindex,1,262,17,9,92.39935491234064,1.1961191780865192,1.2070904925465584,20.353933483362198,5636265.0,12990764.0,5107576832
libero_object,0,pick up the alphabet soup and place it in the basket,17,ttl,1,262,17,9,93.44795742072165,1.1969227911904454,1.2061745354905724,20.35700189974159,5669584.0,13070720.0,5107576832
libero_object,0,pick up the alphabet soup and place it in the basket,17,stale,0,280,18,1,93.85468658711761,1.1949648717418313,1.2072243021335454,21.561493592336774,6053930.0,13403861.0,5107576832
libero_object,0,pick up the alphabet soup and place it in the basket,18,stale,0,280,18,1,93.37502387911081,1.1985668130218983,1.2120527121704072,21.60382890049368,6032255.0,13362805.0,5107576832
libero_object,0,pick up the alphabet soup and place it in the basket,18,ttl,0,280,18,9,97.27202909067273,1.199053315911442,1.2111451435368508,21.595211945474148,5998222.0,13710592.0,5107576832
libero_object,0,pick up the alphabet soup and place it in the basket,18,ttl_reindex,0,280,18,9,98.05888020247221,1.1990281054750085,1.2092337257228791,21.572288802824914,6000865.0,13793171.0,5107576832
libero_object,0,pick up the alphabet soup and place it in the basket,19,ttl_reindex,1,277,18,9,98.59447088837624,1.1974532934837043,1.2076378278434277,21.569119437597692,6045087.0,13789706.0,5107576832
libero_object,0,pick up the alphabet soup and place it in the basket,19,stale,0,280,18,1,92.79494884982705,1.2027638908475637,1.2117740175221114,21.648147179745138,6043606.0,13305424.0,5107576832
libero_object,0,pick up the alphabet soup and place it in the basket,19,ttl,1,277,18,9,99.2268541958183,1.1961366892792284,1.2074785937089474,21.56653058901429,6010155.0,13880712.0,5107576832
libero_object,0,pick up the alphabet soup and place it in the basket,20,ttl_reindex,0,280,18,9,100.93911136500537,1.198338516522199,1.2066266709938644,21.57784645538777,5992815.0,14046131.0,5107576832
libero_object,0,pick up the alphabet soup and place it in the basket,20,stale,0,280,18,1,91.28620743192732,1.2038129167631269,1.2135563525836914,21.65210158471018,6001265.0,13145862.0,5107576832
libero_object,0,pick up the alphabet soup and place it in the basket,20,ttl,0,280,18,9,100.0483124954626,1.1975421281531453,1.2075837584678084,21.574800523929298,6035601.0,13954548.0,5107576832
libero_object,0,pick up the alphabet soup and place it in the basket,21,stale,0,280,18,1,91.39250946976244,1.200835534837097,1.2061196494381874,21.60173476859927,6070805.0,13147980.0,5107576832
libero_object,0,pick up the alphabet soup and place it in the basket,21,ttl_reindex,0,280,18,9,97.31281491275877,1.1999799152836204,1.2085251885466277,21.583896783180535,6022214.0,13713882.0,5107576832
libero_object,0,pick up the alphabet soup and place it in the basket,21,ttl,0,280,18,9,97.48555649444461,1.2010281621478498,1.2097929283976554,21.620253960601985,6085343.0,13724211.0,5107576832
libero_object,0,pick up the alphabet soup and place it in the basket,22,stale,0,280,18,1,92.97305192425847,1.2027754141017795,1.2256570190191267,21.727453445084393,6040243.0,13308161.0,5107576832
libero_object,0,pick up the alphabet soup and place it in the basket,22,ttl_reindex,0,280,18,9,98.92785468231887,1.1960314316675067,1.2218781653326003,21.660617815330625,6066431.0,13841159.0,5107576832
libero_object,0,pick up the alphabet soup and place it in the basket,22,ttl,0,280,18,9,101.32772569172084,1.1983113917522132,1.3053959149401635,21.771167694590986,6045358.0,14051509.0,5107576832
libero_object,0,pick up the alphabet soup and place it in the basket,23,ttl_reindex,0,280,18,9,95.15841818600893,1.1995208230800927,1.2079428711440414,21.58443893212825,6080830.0,13507722.0,5107576832
libero_object,0,pick up the alphabet soup and place it in the basket,23,ttl,0,280,18,9,97.34734445158392,1.198241281323135,1.2101001020986586,21.611724643968046,5986743.0,13714424.0,5107576832
libero_object,0,pick up the alphabet soup and place it in the basket,23,stale,0,280,18,1,96.2655203556642,1.1956223784945905,1.2062935546506197,21.56103357579559,6018563.0,13635031.0,5107576832
libero_object,0,pick up the alphabet soup and place it in the basket,24,stale,0,280,18,1,91.77409000322223,1.195377512369305,1.2094501838553697,21.562311979942024,6070862.0,13196703.0,5107576832
libero_object,0,pick up the alphabet soup and place it in the basket,24,ttl,0,280,18,9,96.33195830322802,1.1971166641451418,1.2078913406003267,21.569441464729607,5985309.0,13600279.0,5107576832
libero_object,0,pick up the alphabet soup and place it in the basket,24,ttl_reindex,0,280,18,9,97.06142241228372,1.1990187335759401,1.2050431790295988,21.570002138614655,6033252.0,13674388.0,5107576832
libero_object,0,pick up the alphabet soup and place it in the basket,25,stale,0,280,18,1,92.15412234794348,1.2003113734535873,1.2090343502815812,21.609063201583922,6029517.0,13211865.0,5107576832
libero_object,0,pick up the alphabet soup and place it in the basket,25,ttl,0,280,18,9,98.00647070258856,1.2004268942400813,1.209321669721976,21.60100411158055,6016966.0,13775777.0,5107576832
libero_object,0,pick up the alphabet soup and place it in the basket,25,ttl_reindex,0,280,18,9,96.82143719866872,1.1952468645758927,1.2074904706329108,21.550932054407895,6015019.0,13636297.0,5107576832
libero_object,0,pick up the alphabet soup and place it in the basket,26,ttl_reindex,1,249,16,8,87.58151097223163,1.197771632578224,1.204305354040116,19.172818277031183,5303940.0,12245853.0,5107576832
libero_object,0,pick up the alphabet soup and place it in the basket,26,stale,0,280,18,1,91.14059259183705,1.2009206893853843,1.209176254272461,21.61932611465454,6051598.0,13144975.0,5107576832
libero_object,0,pick up the alphabet soup and place it in the basket,26,ttl,1,249,16,8,86.69720266759396,1.1976151019334793,1.2088853535242379,19.204430494457483,5368928.0,12211850.0,5107576832
libero_object,0,pick up the alphabet soup and place it in the basket,27,stale,0,280,18,1,91.936662344262,1.1992014800198376,1.2089464734774082,21.595668918453157,6038236.0,13205347.0,5107576832
libero_object,0,pick up the alphabet soup and place it in the basket,27,ttl,1,272,17,9,96.13705294765532,1.1947742821648717,1.2104919431731105,20.347251747734845,5645343.0,13327401.0,5107576832
libero_object,0,pick up the alphabet soup and place it in the basket,27,ttl_reindex,1,272,17,9,96.57328968401998,1.199708596803248,1.209802365489304,20.38997345417738,5701372.0,13319801.0,5107576832
libero_object,0,pick up the alphabet soup and place it in the basket,28,ttl_reindex,0,280,18,9,99.25599114131182,1.1980965221300721,1.2094039893243462,21.586450604721904,6067629.0,13818707.0,5107576832
libero_object,0,pick up the alphabet soup and place it in the basket,28,ttl,0,280,18,9,98.94755151029676,1.198463040869683,1.2114049517083914,21.59625354129821,6047566.0,13843810.0,5107576832
libero_object,0,pick up the alphabet soup and place it in the basket,28,stale,0,280,18,1,89.73029568139464,1.1977280750870705,1.2085922766476869,21.58182143047452,5940727.0,12997690.0,5107576832
libero_object,0,pick up the alphabet soup and place it in the basket,29,ttl,1,271,17,9,93.97936361469328,1.1955486563965678,1.2078386137261987,20.361416509374976,5699446.0,13147510.0,5107576832
libero_object,0,pick up the alphabet soup and place it in the basket,29,stale,0,280,18,1,90.35086729284376,1.1973852855153382,1.215210400149226,21.5996137810871,6036732.0,13037534.0,5107576832
libero_object,0,pick up the alphabet soup and place it in the basket,29,ttl_reindex,1,271,17,9,94.99354961607605,1.1984988171607256,1.2067012498155236,20.37825627438724,5688755.0,13208089.0,5107576832
libero_object,0,pick up the alphabet soup and place it in the basket,30,stale,0,280,18,1,92.38894488569349,1.1980665386654437,1.2104161758441478,21.59068189933896,6021323.0,13233355.0,5107576832
libero_object,0,pick up the alphabet soup and place it in the basket,30,ttl,1,269,17,9,95.28829702083021,1.201154018752277,1.2093483751639724,20.402309343218803,5595688.0,13233745.0,5107576832
libero_object,0,pick up the alphabet soup and place it in the basket,30,ttl_reindex,1,269,17,9,94.95711105689406,1.1957441605627537,1.211206955462694,20.374741547740996,5709184.0,13205610.0,5107576832
libero_object,0,pick up the alphabet soup and place it in the basket,31,stale,0,280,18,1,91.74972827266902,1.2010176018811762,1.2112508155405521,21.623475269414485,6014786.0,13171032.0,5107576832
libero_object,0,pick up the alphabet soup and place it in the basket,31,ttl,0,280,18,9,96.03467214852571,1.2003702213987708,1.2136487623210996,21.630996741354465,6029506.0,13590555.0,5107576832
libero_object,0,pick up the alphabet soup and place it in the basket,31,ttl_reindex,0,280,18,9,96.43299142178148,1.1961905318312347,1.2082488363608719,21.573039609007537,6012740.0,13624545.0,5107576832
libero_object,0,pick up the alphabet soup and place it in the basket,32,ttl,0,280,18,9,99.16659423522651,1.1981007605791092,1.2099330065306275,21.58055747207254,6069000.0,13883327.0,5107576832
libero_object,0,pick up the alphabet soup and place it in the basket,32,ttl_reindex,0,280,18,9,98.62643366493285,1.1956294840201735,1.2060055469628423,21.539712655358016,6028309.0,13817051.0,5107576832
libero_object,0,pick up the alphabet soup and place it in the basket,32,stale,0,280,18,1,92.72356896661222,1.1969604073092341,1.2093337443191559,21.56598790641874,6052285.0,13297308.0,5107576832
libero_object,0,pick up the alphabet soup and place it in the basket,33,ttl_reindex,0,280,18,9,98.18565244693309,1.1978513738140464,1.2067819642368705,21.57503658067435,5977315.0,13750764.0,5107576832
libero_object,0,pick up the alphabet soup and place it in the basket,33,stale,0,280,18,1,92.81414650008082,1.2008838495239615,1.2112498702015728,21.625147773884237,6082296.0,13258373.0,5107576832
libero_object,0,pick up the alphabet soup and place it in the basket,33,ttl,0,280,18,9,97.54326807521284,1.2001207061111927,1.2079796500038356,21.609806390479207,5974738.0,13696008.0,5107576832
libero_object,0,pick up the alphabet soup and place it in the basket,34,ttl_reindex,0,280,18,9,96.14796209707856,1.1969754467718303,1.205345742078498,21.544201899319887,5981454.0,13567716.0,5107576832
libero_object,0,pick up the alphabet soup and place it in the basket,34,ttl,0,280,18,9,96.5657034823671,1.1973789860494435,1.210384585801512,21.60365685261786,6024972.0,13628005.0,5107576832
libero_object,0,pick up the alphabet soup and place it in the basket,34,stale,0,280,18,1,90.87031885422766,1.1985186687670648,1.2086416129488498,21.58879206329584,6036797.0,13101864.0,5107576832
libero_object,0,pick up the alphabet soup and place it in the basket,35,ttl,1,267,17,9,95.33055857568979,1.1953454967588186,1.2065284194424748,20.350471649318933,5690124.0,13252784.0,5107576832
libero_object,0,pick up the alphabet soup and place it in the basket,35,stale,0,280,18,1,91.49157272744924,1.2005709242075682,1.209914382128045,21.63434937875718,6022419.0,13122115.0,5107576832
libero_object,0,pick up the alphabet soup and place it in the basket,35,ttl_reindex,1,267,17,9,93.47345456108451,1.1969228824600577,1.2065022133290768,20.353012185543776,5657806.0,13060011.0,5107576832
libero_object,0,pick up the alphabet soup and place it in the basket,36,ttl_reindex,0,280,18,9,99.32949189003557,1.2016764064319432,1.2061705247499048,21.595917680300772,6018765.0,13825426.0,5107576832
libero_object,0,pick up the alphabet soup and place it in the basket,36,ttl,0,280,18,9,97.98444924131036,1.1979090077802539,1.2063029546290636,21.56674900278449,6043991.0,13745282.0,5107576832
libero_object,0,pick up the alphabet soup and place it in the basket,36,stale,0,280,18,1,91.72919226437807,1.2031697295606136,1.210932916449383,21.641863511875272,6063231.0,13171999.0,5107576832
libero_object,0,pick up the alphabet soup and place it in the basket,37,ttl,0,280,18,9,96.28109954111278,1.2010959438048303,1.2083523362874984,21.599238608032465,6035426.0,13589651.0,5107576832
libero_object,0,pick up the alphabet soup and place it in the basket,37,stale,0,280,18,1,93.56148321647197,1.2016376205720007,1.2104604430496693,21.623895812779665,5982519.0,13314194.0,5107576832
libero_object,0,pick up the alphabet soup and place it in the basket,37,ttl_reindex,0,280,18,9,95.00862429384142,1.1937721371650696,1.207023434061557,21.534004485234618,5949602.0,13460939.0,5107576832
libero_object,0,pick up the alphabet soup and place it in the basket,38,ttl_reindex,0,280,18,9,97.10609732754529,1.1961841969750822,1.2062400094233454,21.54972759541124,5976702.0,13625554.0,5107576832
libero_object,0,pick up the alphabet soup and place it in the basket,38,stale,0,280,18,1,94.64500903896987,1.1949758436530828,1.2098215036094189,21.548290053382516,5992841.0,13412281.0,5107576832
libero_object,0,pick up the alphabet soup and place it in the basket,38,ttl,0,280,18,9,96.92362856678665,1.2002552771009505,1.2092763219960034,21.62058069743216,6017687.0,13632108.0,5107576832
libero_object,0,pick up the alphabet soup and place it in the basket,39,ttl_reindex,0,280,18,9,96.74801233503968,1.1942219454795122,1.2100237707141788,21.54519633948803,6005102.0,13593032.0,5107576832
libero_object,0,pick up the alphabet soup and place it in the basket,39,stale,0,280,18,1,91.1006960440427,1.1976637644693255,1.2083495063707232,21.573615266941488,6032541.0,13100416.0,5107576832
libero_object,0,pick up the alphabet soup and place it in the basket,39,ttl,0,280,18,9,96.89595441799611,1.1974706393666565,1.2085156257264316,21.57139702141285,5961406.0,13637896.0,5107576832
libero_object,0,pick up the alphabet soup and place it in the basket,40,ttl,0,280,18,9,97.28367464337498,1.19865230191499,1.2111393639817833,21.598447016440332,6084030.0,13668329.0,5107576832
libero_object,0,pick up the alphabet soup and place it in the basket,40,stale,0,280,18,1,94.21267185453326,1.1977954278700054,1.208127752225846,21.570915532298386,6034049.0,13338577.0,5107576832
libero_object,0,pick up the alphabet soup and place it in the basket,40,ttl_reindex,0,280,18,9,97.8738176105544,1.199634273070842,1.2082249491941184,21.58529265038669,5967006.0,13625989.0,5107576832
libero_goal,0,open the middle drawer of the cabinet,1,ttl,1,157,10,5,72.33223907463253,1.20531413750723,2.4305907909758364,14.243548684753478,3579341.0,9707822.0,5107576832
libero_goal,0,open the middle drawer of the cabinet,1,stale,0,300,19,1,133.68180352449417,1.193033549003303,1.2035384810529648,22.724163527600467,6334580.0,18096885.0,5107576832
libero_goal,0,open the middle drawer of the cabinet,1,ttl_reindex,1,157,10,5,70.6099678678438,1.1950422772206366,1.2041086389683187,11.954754951409996,3308225.0,9477037.0,5107576832
libero_goal,0,open the middle drawer of the cabinet,2,ttl,1,117,8,4,55.36770283617079,1.1936809732578695,1.2140747857280076,9.569764846004546,2680001.0,7436214.0,5107576832
libero_goal,0,open the middle drawer of the cabinet,2,ttl_reindex,1,117,8,4,55.246295479126275,1.1993626859039068,1.2065390780568124,9.587070909328759,2650333.0,7444919.0,5107576832
libero_goal,0,open the middle drawer of the cabinet,2,stale,0,300,19,1,133.5982903856784,1.193389069288969,1.2095977927558124,22.73143922816962,6322173.0,18059195.0,5107576832
libero_goal,0,open the middle drawer of the cabinet,3,ttl,1,148,10,5,67.64207032043487,1.1973332944326103,1.2065880283247679,11.968966757878661,3329628.0,9173327.0,5107576832
libero_goal,0,open the middle drawer of the cabinet,3,stale,0,300,19,1,131.78902852348983,1.1935913730412722,1.2095951764844357,22.750443844124675,6428511.0,17897378.0,5107576832
libero_goal,0,open the middle drawer of the cabinet,3,ttl_reindex,1,148,10,5,67.35692190937698,1.1910918927751482,1.2057708233594895,11.932444404810667,3370193.0,9129766.0,5107576832
libero_goal,0,open the middle drawer of the cabinet,4,stale,0,300,19,1,133.9629083024338,1.192991454154253,1.2090901636518538,22.709187481552362,6361880.0,18048796.0,5107576832
libero_goal,0,open the middle drawer of the cabinet,4,ttl_reindex,1,148,10,5,68.80468885879964,1.19094815896824,1.2093483204953372,11.948068510740995,3308925.0,9267296.0,5107576832
libero_goal,0,open the middle drawer of the cabinet,4,ttl,1,148,10,5,68.7939671901986,1.1930374894291162,1.2084529345855117,11.955365975387394,3301967.0,9284535.0,5107576832
libero_goal,0,open the middle drawer of the cabinet,5,stale,0,300,19,1,135.12703961599618,1.1935693388804793,1.2085038956254721,22.735412316396832,6380680.0,18216073.0,5107576832
libero_goal,0,open the middle drawer of the cabinet,5,ttl,1,148,10,5,69.49353638198227,1.1906464924104512,1.2066320959478616,11.939004727639258,3338074.0,9317073.0,5107576832
libero_goal,0,open the middle drawer of the cabinet,5,ttl_reindex,1,148,10,5,69.12073570676148,1.2006062688305974,1.2156030068639665,12.004898023791611,3386894.0,9311715.0,5107576832
libero_goal,0,open the middle drawer of the cabinet,6,stale,0,300,19,1,136.20705560036004,1.1932938806712627,1.205640449654311,22.710264360532165,6323464.0,18288661.0,5107576832
libero_goal,0,open the middle drawer of the cabinet,6,ttl,1,151,10,5,69.9939258666709,1.1919265482574701,1.212700783321634,11.951716670766473,3327862.0,9366531.0,5107576832
libero_goal,0,open the middle drawer of the cabinet,6,ttl_reindex,1,151,10,5,68.90539879817516,1.1996484394185245,1.2030261528212578,11.980417808517814,3331834.0,9296407.0,5107576832
libero_goal,0,open the middle drawer of the cabinet,7,ttl,1,140,9,5,63.526626866310835,1.1924443254247308,1.2087288616225123,10.774812711402774,3025588.0,8506086.0,5107576832
libero_goal,0,open the middle drawer of the cabinet,7,ttl_reindex,1,140,9,5,65.45034217461944,1.189680090174079,1.2117480471730233,10.748421530239284,2957811.0,8679295.0,5107576832
libero_goal,0,open the middle drawer of the cabinet,7,stale,0,300,19,1,133.39955716580153,1.1985525423660874,1.2112983674742281,22.758562658913434,6323532.0,17972542.0,5107576832
libero_goal,0,open the middle drawer of the cabinet,8,ttl,1,156,10,5,71.5496518239379,1.19307533884421,1.2152245118282736,11.96464408095926,3380321.0,9545552.0,5107576832
libero_goal,0,open the middle drawer of the cabinet,8,ttl_reindex,1,156,10,5,70.55526628252119,1.1938344365917146,1.203079070802778,11.941756580024958,3310773.0,9393628.0,5107576832
libero_goal,0,open the middle drawer of the cabinet,8,stale,0,300,19,1,134.5687026064843,1.1926699467003345,1.2071666222065687,22.697446200996637,6341845.0,18088635.0,5107576832
libero_goal,0,open the middle drawer of the cabinet,9,stale,0,300,19,1,134.86925361026078,1.1937243696302176,1.2072115566581487,22.723189488053322,6335499.0,18097583.0,5107576832
libero_goal,0,open the middle drawer of the cabinet,9,ttl_reindex,1,146,10,5,68.84463548101485,1.1880286312662065,1.2055135272908957,11.912117992527783,3375280.0,9256940.0,5107576832
libero_goal,0,open the middle drawer of the cabinet,9,ttl,1,146,10,5,68.07589423563331,1.1943326094187796,1.2015966608654707,11.933848054148257,3361704.0,9244545.0,5107576832
libero_goal,0,open the middle drawer of the cabinet,10,ttl_reindex,1,138,9,5,63.37947772536427,1.1925109177827835,1.2006341693922877,10.746674514375627,3037148.0,8569720.0,5107576832
libero_goal,0,open the middle drawer of the cabinet,10,stale,0,300,19,1,133.22393281199038,1.1930938782170415,1.2079891757108272,22.746187617070973,6358921.0,18028669.0,5107576832
libero_goal,0,open the middle drawer of the cabinet,10,ttl,1,138,9,5,64.59352447651327,1.193238016217947,1.206424417719245,10.762833618558943,3028407.0,8622706.0,5107576832
libero_goal,0,open the middle drawer of the cabinet,11,ttl,1,134,9,5,62.12944629881531,1.1935417614877224,1.2143189691007137,10.765546292066574,3020991.0,8324731.0,5107576832
libero_goal,0,open the middle drawer of the cabinet,11,stale,0,300,19,1,132.86549431830645,1.1900771660730243,1.2089171322993935,22.682556182146072,6290649.0,17960651.0,5107576832
libero_goal,0,open the middle drawer of the cabinet,11,ttl_reindex,1,134,9,5,61.62515224982053,1.1935142548754811,1.2094209941104055,10.760164702311158,3003579.0,8324805.0,5107576832
libero_goal,0,open the middle drawer of the cabinet,12,stale,0,300,19,1,136.27531430963427,1.192986587062478,1.2053250196389853,22.701205351389945,6389762.0,18273394.0,5107576832
libero_goal,0,open the middle drawer of the cabinet,12,ttl_reindex,1,147,10,5,67.34663271252066,1.192327052820474,1.2018725464586169,11.934241191484034,3330940.0,9142138.0,5107576832
libero_goal,0,open the middle drawer of the cabinet,12,ttl,1,147,10,5,67.79734523687512,1.1967566697858274,1.2071676436346024,11.979805948212743,3354739.0,9238679.0,5107576832
libero_goal,0,open the middle drawer of the cabinet,13,ttl,1,137,9,5,64.35818341374397,1.2003200184553862,1.2087207106873392,10.787609397433698,3032212.0,8643986.0,5107576832
libero_goal,0,open the middle drawer of the cabinet,13,ttl_reindex,1,137,9,5,63.29997791070491,1.198833025060594,1.217475745640695,10.809270806610584,3030479.0,8545888.0,5107576832
libero_goal,0,open the middle drawer of the cabinet,13,stale,0,300,19,1,133.49573337752372,1.1961143631488085,1.2085415927693248,22.766675495542586,6377637.0,18079315.0,5107576832
libero_goal,0,open the middle drawer of the cabinet,14,stale,0,300,19,1,132.7871740469709,1.1927613383159041,1.208612108975649,22.708927396684885,6324283.0,17952481.0,5107576832
libero_goal,0,open the middle drawer of the cabinet,14,ttl,1,148,10,5,69.43563609384,1.1916266232728958,1.207725710235536,11.947158884257078,3371074.0,9341468.0,5107576832
libero_goal,0,open the middle drawer of the cabinet,14,ttl_reindex,1,148,10,5,68.8554136166349,1.195556418504566,1.21049171872437,11.969610437750816,3356449.0,9325492.0,5107576832
libero_goal,0,open the middle drawer of the cabinet,15,ttl,1,133,9,5,62.46435089316219,1.1933772945776582,1.2088457861915232,10.774353900924325,3006795.0,8459950.0,5107576832
libero_goal,0,open the middle drawer of the cabinet,15,ttl_reindex,1,133,9,5,62.07244690693915,1.1968748942017555,1.2122606163844467,10.790224517695606,3016016.0,8408091.0,5107576832
libero_goal,0,open the middle drawer of the cabinet,15,stale,0,300,19,1,134.40059624332935,1.1923687495291233,1.2101135021075606,22.732284400612116,6348573.0,18165349.0,5107576832
libero_goal,0,open the middle drawer of the cabinet,16,ttl_reindex,1,145,10,5,66.26971648540348,1.1927704196423292,1.2028437082190067,11.937175553292036,3324918.0,9017490.0,5107576832
libero_goal,0,open the middle drawer of the cabinet,16,ttl,1,145,10,5,67.46215798519552,1.1935669695958495,1.2082947944756597,11.958439955487847,3370551.0,9156406.0,5107576832
libero_goal,0,open the middle drawer of the cabinet,16,stale,0,300,19,1,132.5143951624632,1.1976418746635318,1.206443236861378,22.754102420061827,6413248.0,17981764.0,5107576832
libero_goal,0,open the middle drawer of the cabinet,17,ttl_reindex,1,149,10,5,68.26654337067157,1.191705428995192,1.2070048660971224,11.93749422300607,3317576.0,9218926.0,5107576832
libero_goal,0,open the middle drawer of the cabinet,17,ttl,1,149,10,5,67.63406267017126,1.1941387671977282,1.212302492139861,11.961222524754703,3383158.0,9177392.0,5107576832
libero_goal,0,open the middle drawer of the cabinet,17,stale,0,300,19,1,132.88250517100096,1.1930026626214385,1.2119231261312962,22.744655032642186,6433954.0,18006546.0,5107576832
libero_goal,0,open the middle drawer of the cabinet,18,stale,0,300,19,1,134.0100147491321,1.192094100639224,1.2086667248047889,22.695517474785447,6396739.0,18048048.0,5107576832
libero_goal,0,open the middle drawer of the cabinet,18,ttl,1,147,10,5,69.06791106518358,1.1925142989493906,1.2004685101564974,11.934268718585372,3300912.0,9308812.0,5107576832
libero_goal,0,open the middle drawer of the cabinet,18,ttl_reindex,1,147,10,5,68.90663386695087,1.1983782942406833,1.2065106259658933,11.981860877014697,3363318.0,9285718.0,5107576832
libero_goal,0,open the middle drawer of the cabinet,19,ttl_reindex,1,149,10,5,70.9859083769843,1.1901563508436084,1.2042569334153086,11.929757029749453,3302257.0,9539475.0,5107576832
libero_goal,0,open the middle drawer of the cabinet,19,stale,0,300,19,1,135.21561256982386,1.1941224001348019,1.2032385013066231,22.723443688824773,6299946.0,18197852.0,5107576832
libero_goal,0,open the middle drawer of the cabinet,19,ttl,1,149,10,5,69.54451205395162,1.191656032577157,1.2102424059528858,11.950903171673417,3346138.0,9314526.0,5107576832
libero_goal,0,open the middle drawer of the cabinet,20,ttl_reindex,1,143,9,5,64.15643459744751,1.1899519553408027,1.206627138517797,10.739276316948235,3039045.0,8590896.0,5107576832
libero_goal,0,open the middle drawer of the cabinet,20,stale,0,300,19,1,133.11187687516212,1.1937788231298327,1.204691934864968,22.717868267558515,6257763.0,17932161.0,5107576832
libero_goal,0,open the middle drawer of the cabinet,20,ttl,1,143,9,5,65.28284504730254,1.197360753081739,1.210677406191826,10.791502973996103,3045270.0,8695691.0,5107576832
libero_goal,0,open the middle drawer of the cabinet,21,stale,0,300,19,1,134.29843988921493,1.1935540437698364,1.2091345013119281,22.71147571876645,6390374.0,18079363.0,5107576832
libero_goal,0,open the middle drawer of the cabinet,21,ttl_reindex,1,122,8,4,58.28445150330663,1.2004919261671603,1.2072714529465884,9.583481798879802,2663595.0,7763012.0,5107576832
libero_goal,0,open the middle drawer of the cabinet,21,ttl,1,122,8,4,59.10168966092169,1.1922453437000513,1.2120793976355344,9.576330373995006,2638445.0,7781870.0,5107576832
libero_goal,0,open the middle drawer of the cabinet,22,stale,0,300,19,1,131.63743459619582,1.1931728841736913,1.2083205886185169,22.721923646517098,6356206.0,17801485.0,5107576832
libero_goal,0,open the middle drawer of the cabinet,22,ttl_reindex,1,132,9,5,60.77748678531498,1.1926490776240826,1.2097632152959705,10.757139439694583,3022710.0,8225381.0,5107576832
libero_goal,0,open the middle drawer of the cabinet,22,ttl,1,132,9,5,60.812544469721615,1.2036427045240998,1.2125791262835264,10.803314161486924,2974923.0,8241191.0,5107576832
libero_goal,0,open the middle drawer of the cabinet,23,ttl_reindex,1,146,10,5,69.03391488827765,1.1970709934830666,1.2145999637898057,11.962151788175106,3338568.0,9325771.0,5107576832
libero_goal,0,open the middle drawer of the cabinet,23,ttl,1,146,10,5,68.79648656956851,1.1947830491699278,1.2057317851576954,11.961301595903933,3365493.0,9326199.0,5107576832
libero_goal,0,open the middle drawer of the cabinet,23,stale,0,300,19,1,135.15540231019258,1.195586041547358,1.206957579869777,22.744692165404558,6357676.0,18264181.0,5107576832
libero_goal,0,open the middle drawer of the cabinet,24,stale,0,300,19,1,134.99699950497597,1.1962734600529075,1.2093527735210956,22.74729257170111,6387367.0,18101616.0,5107576832
libero_goal,0,open the middle drawer of the cabinet,24,ttl,1,121,8,4,56.150390185415745,1.1917977253906429,1.2089529061689972,9.557500234805048,2656842.0,7524211.0,5107576832
libero_goal,0,open the middle drawer of the cabinet,24,ttl_reindex,1,121,8,4,55.80356364417821,1.1926721632480621,1.2128451267257332,9.558926925063133,2666748.0,7469992.0,5107576832
libero_goal,0,open the middle drawer of the cabinet,25,stale,0,300,19,1,135.19175273086876,1.1915563279762864,1.208362810872495,22.712738940492272,6438617.0,18167063.0,5107576832
libero_goal,0,open the middle drawer of the cabinet,25,ttl,1,154,10,5,72.35680425912142,1.1948124561458826,1.204769176710397,11.948618753813207,3340722.0,9618927.0,5107576832
libero_goal,0,open the middle drawer of the cabinet,25,ttl_reindex,1,154,10,5,70.85655599460006,1.1908957888372242,1.2112745688762516,11.942902074195445,3341953.0,9456795.0,5107576832
libero_goal,0,open the middle drawer of the cabinet,26,ttl_reindex,1,151,10,5,69.60163979697973,1.1973391086794436,1.2148707126732916,11.999930498190224,3365903.0,9384951.0,5107576832
libero_goal,0,open the middle drawer of the cabinet,26,stale,0,300,19,1,134.78471658471972,1.1948702735826373,1.2099917003884912,22.73647264484316,6331596.0,18216224.0,5107576832
libero_goal,0,open the middle drawer of the cabinet,26,ttl,1,151,10,5,70.83498820848763,1.1931172437034547,1.2056888753548265,11.950827327556908,3392258.0,9474968.0,5107576832
libero_goal,0,open the middle drawer of the cabinet,27,stale,0,300,19,1,132.80879987683147,1.1959226625040174,1.2064329783432186,22.751870055682957,6395635.0,17976883.0,5107576832
libero_goal,0,open the middle drawer of the cabinet,27,ttl,1,175,11,6,77.9203928001225,1.1984836291521788,1.212460555601865,13.181929129175842,3647240.0,10433888.0,5107576832
libero_goal,0,open the middle drawer of the cabinet,27,ttl_reindex,1,175,11,6,78.08963970374316,1.1894959332421422,1.2115978063084185,13.123838583938777,3688841.0,10407890.0,5107576832
libero_goal,0,open the middle drawer of the cabinet,28,ttl_reindex,1,136,9,5,63.276338402181864,1.1960581969469786,1.2047846151515842,10.75285419728607,3042405.0,8462536.0,5107576832
libero_goal,0,open the middle drawer of the cabinet,28,ttl,1,136,9,5,61.79036240000278,1.1902112159878016,1.2050979061052203,10.739178473129869,3004673.0,8374604.0,5107576832
libero_goal,0,open the middle drawer of the cabinet,28,stale,0,300,19,1,134.24163911119103,1.193378078751266,1.2105235160328447,22.749485914595425,6344915.0,18089179.0,5107576832
libero_goal,0,open the middle drawer of the cabinet,29,ttl,1,123,8,4,56.2334524448961,1.1930109653621912,1.2189806472975762,9.582257249392569,2657128.0,7555040.0,5107576832
libero_goal,0,open the middle drawer of the cabinet,29,stale,0,300,19,1,135.1647648671642,1.193998229689896,1.2096881685778498,22.74015503656119,6317975.0,18168491.0,5107576832
libero_goal,0,open the middle drawer of the cabinet,29,ttl_reindex,1,123,8,4,57.473792866803706,1.1917598233558238,1.2217888094484806,9.57468546461314,2616362.0,7628815.0,5107576832
libero_goal,0,open the middle drawer of the cabinet,30,stale,0,300,19,1,135.02769585512578,1.1920874137431383,1.2060749583877624,22.696263508871198,6356766.0,18125737.0,5107576832
libero_goal,0,open the middle drawer of the cabinet,30,ttl,1,145,10,5,67.7405802840367,1.1939422427676618,1.2162353258114307,11.95751103386283,3341968.0,9125802.0,5107576832
libero_goal,0,open the middle drawer of the cabinet,30,ttl_reindex,1,145,10,5,68.89409770723432,1.1905536884441972,1.2019047607667743,11.919344083406031,3350331.0,9291978.0,5107576832
libero_goal,0,open the middle drawer of the cabinet,31,stale,0,300,19,1,135.5406147055328,1.1916809165850282,1.2022774863056838,22.683288790285587,6385328.0,18275747.0,5107576832
libero_goal,0,open the middle drawer of the cabinet,31,ttl,1,151,10,5,69.39770479872823,1.1915132980793715,1.2135921915527432,11.960146048106253,3320376.0,9304693.0,5107576832
libero_goal,0,open the middle drawer of the cabinet,31,ttl_reindex,1,151,10,5,68.15052765980363,1.1898021814413369,1.2099584283772855,11.938300986774266,3328376.0,9207825.0,5107576832
libero_goal,0,open the middle drawer of the cabinet,32,ttl,1,146,10,5,69.25257338955998,1.1975443600676954,1.2131628665607423,11.990789115428925,3374921.0,9341955.0,5107576832
libero_goal,0,open the middle drawer of the cabinet,32,ttl_reindex,1,146,10,5,69.92351212352514,1.191439522895962,1.2004728447180242,11.92758930567652,3353444.0,9412625.0,5107576832
libero_goal,0,open the middle drawer of the cabinet,32,stale,0,300,19,1,136.5784845072776,1.1952018113806844,1.2111164962872862,22.752781338989735,6400856.0,18347177.0,5107576832
libero_goal,0,open the middle drawer of the cabinet,33,ttl_reindex,1,147,10,5,67.15030786488205,1.1925084763206542,1.2075208093505352,11.957694399170578,3317673.0,9072599.0,5107576832
libero_goal,0,open the middle drawer of the cabinet,33,stale,0,300,19,1,134.368778930977,1.1921581393107772,1.2074241918511688,22.717947700060904,6389738.0,18128718.0,5107576832
libero_goal,0,open the middle drawer of the cabinet,33,ttl,1,147,10,5,68.64743093028665,1.1968694138340652,1.2080198851879687,11.979145283810794,3326160.0,9237069.0,5107576832
libero_goal,0,open the middle drawer of the cabinet,34,ttl_reindex,1,153,10,5,69.48122557345778,1.1953947725705802,1.2085672344081104,11.973858579993248,3332777.0,9387052.0,5107576832
libero_goal,0,open the middle drawer of the cabinet,34,ttl,1,153,10,5,68.97953437361866,1.19564703758806,1.2200316369067876,11.984192705713212,3373405.0,9309474.0,5107576832
libero_goal,0,open the middle drawer of the cabinet,34,stale,0,300,19,1,132.17808762844652,1.194457677192986,1.2085533114150167,22.7355084028095,6344563.0,17902922.0,5107576832
libero_goal,0,open the middle drawer of the cabinet,35,ttl,1,139,9,5,61.9695533439517,1.193417714908719,1.2183231003582478,10.782253753393888,3012966.0,8342226.0,5107576832
libero_goal,0,open the middle drawer of the cabinet,35,stale,0,300,19,1,131.24166989978403,1.1940478226169944,1.2075237138196826,22.725158024579287,6370883.0,17765014.0,5107576832
libero_goal,0,open the middle drawer of the cabinet,35,ttl_reindex,1,139,9,5,62.19565904326737,1.1996937599033117,1.212352932803333,10.783222639001906,3032124.0,8373766.0,5107576832
libero_goal,0,open the middle drawer of the cabinet,36,ttl_reindex,1,147,10,5,67.32882876507938,1.1943022822961211,1.2118986071553082,11.967855744995177,3330528.0,9084592.0,5107576832
libero_goal,0,open the middle drawer of the cabinet,36,ttl,1,147,10,5,67.93613164685667,1.1952655920758843,1.2041711817495524,11.956531289964914,3302590.0,9208037.0,5107576832
libero_goal,0,open the middle drawer of the cabinet,36,stale,0,300,19,1,134.43002448882908,1.1911472016945481,1.2071343873627485,22.68774893321097,6377659.0,18167449.0,5107576832
libero_goal,0,open the middle drawer of the cabinet,37,ttl,1,146,10,5,67.59345939941704,1.1948538711294532,1.2150199541822075,11.97994331549853,3355705.0,9120623.0,5107576832
libero_goal,0,open the middle drawer of the cabinet,37,stale,0,300,19,1,134.62608200870454,1.195113394409418,1.2100821535103023,22.743565805256367,6380077.0,18159448.0,5107576832
libero_goal,0,open the middle drawer of the cabinet,37,ttl_reindex,1,146,10,5,67.1962177651003,1.193003966473043,1.2109996434766799,11.956428720615804,3332857.0,9101405.0,5107576832
libero_goal,0,open the middle drawer of the cabinet,38,ttl_reindex,1,137,9,5,64.05442530661821,1.192491564899683,1.205735232681036,10.762591430917382,3043231.0,8575761.0,5107576832
libero_goal,0,open the middle drawer of the cabinet,38,stale,0,300,19,1,135.8957717437297,1.192817784845829,1.2056129647418856,22.680547256954014,6346034.0,18236809.0,5107576832
libero_goal,0,open the middle drawer of the cabinet,38,ttl,1,137,9,5,62.65267754532397,1.1910090707242489,1.215255363099277,10.766701437532902,3003881.0,8420920.0,5107576832
libero_goal,0,open the middle drawer of the cabinet,39,ttl_reindex,1,148,10,5,68.11443274375051,1.19206626387313,1.2072123448364436,11.93932275287807,3331157.0,9191121.0,5107576832
libero_goal,0,open the middle drawer of the cabinet,39,stale,0,300,19,1,134.3429591394961,1.1920138150453568,1.2052568864077329,22.689912306144834,6298136.0,18093588.0,5107576832
libero_goal,0,open the middle drawer of the cabinet,39,ttl,1,148,10,5,71.01187304314226,1.197229400742799,1.2151748385746033,11.988449275493622,3357236.0,9466737.0,5107576832
libero_goal,0,open the middle drawer of the cabinet,40,ttl,1,140,9,5,64.54564796295017,1.1930350046604872,1.2174418698996305,10.767420284450054,3031490.0,8600309.0,5107576832
libero_goal,0,open the middle drawer of the cabinet,40,stale,0,300,19,1,133.45456098020077,1.1903598429635167,1.2059916499070822,22.683666095137596,6424885.0,18002503.0,5107576832
libero_goal,0,open the middle drawer of the cabinet,40,ttl_reindex,1,140,9,5,63.88977550249547,1.188500713557005,1.2204620679840446,10.749971588142216,3034530.0,8525766.0,5107576832
